Score,Url,Channel
0.7569,https://www.youtube.com/watch?v=5JqCG5mKt38,Dreaming Spanish
0.7971,https://www.youtube.com/watch?v=Ibi4V1iVwzg,Dreaming Spanish
0.8057,https://www.youtube.com/watch?v=3G5dIfIrQAE,Dreaming Spanish
0.8375,https://www.youtube.com/watch?v=aiA5SU_e7O0,Dreaming Spanish
0.8532,https://www.youtube.com/watch?v=1nDdannHXLQ,Dreaming Spanish
0.8556,https://www.youtube.com/watch?v=5YrrZ2RPmx4,Dreaming Spanish
0.8638,https://www.youtube.com/watch?v=VAmFzwtfLIA,Dreaming Spanish
0.8649,https://www.youtube.com/watch?v=kWQTyJdPf_o,Dreaming Spanish
0.8701,https://www.youtube.com/watch?v=OrszUmEdk4Y,Dreaming Spanish
0.8800,https://www.youtube.com/watch?v=NOHb8H-j4b0,Dreaming Spanish
0.9006,https://www.youtube.com/watch?v=eUti7ZP62Yg,Dreaming Spanish
0.9087,https://www.youtube.com/watch?v=5z4Iz0sO1UU,Dreaming Spanish
0.9098,https://www.youtube.com/watch?v=P1sTsT3B4og,Dreaming Spanish
0.9333,https://www.youtube.com/watch?v=ygpMUQCQUsw,Dreaming Spanish
0.9498,https://www.youtube.com/watch?v=hXPjyifNdzk,Dreaming Spanish
1.0595,https://www.youtube.com/watch?v=9qzyIsEkduA,Dreaming Spanish
1.0807,https://www.youtube.com/watch?v=f_09Lbo2PiU,Dreaming Spanish
1.0853,https://www.youtube.com/watch?v=z3UN34gkWQw,Dreaming Spanish
1.1020,https://www.youtube.com/watch?v=BLu69eqKMCo,Dreaming Spanish
1.1116,https://www.youtube.com/watch?v=SN3hhmOTSH4,Dreaming Spanish
1.1298,https://www.youtube.com/watch?v=8UAFKiCBQII,Dreaming Spanish
1.1354,https://www.youtube.com/watch?v=6WZehcCJlyI,Dreaming Spanish
1.1484,https://www.youtube.com/watch?v=frXV5Z-rMZ8,Dreaming Spanish
1.1521,https://www.youtube.com/watch?v=ev1vx1YUAyA,Dreaming Spanish
1.1574,https://www.youtube.com/watch?v=TiHikPlDXr8,Dreaming Spanish
1.1792,https://www.youtube.com/watch?v=YqdB_7C7oMk,Dreaming Spanish
1.1850,https://www.youtube.com/watch?v=dlGg4xRt2RY,Dreaming Spanish
1.1857,https://www.youtube.com/watch?v=R6A0LOhLPD4,Dreaming Spanish
1.1885,https://www.youtube.com/watch?v=IpD2dWWU2XM,Dreaming Spanish
1.1934,https://www.youtube.com/watch?v=1YyfbhkDlJA,Dreaming Spanish
1.1959,https://www.youtube.com/watch?v=C_Yj822xE-o,Dreaming Spanish
1.2009,https://www.youtube.com/watch?v=pl69ap09WB8,Dreaming Spanish
1.2028,https://www.youtube.com/watch?v=24j2ekK45p8,Dreaming Spanish
1.2045,https://www.youtube.com/watch?v=rkemyvjIEq4,Dreaming Spanish
1.2118,https://www.youtube.com/watch?v=mkZ77jkRih4,Dreaming Spanish
1.2132,https://www.youtube.com/watch?v=RBMkZlAeTTQ,Dreaming Spanish
1.2174,https://www.youtube.com/watch?v=iULsylNviu0,Dreaming Spanish
1.2188,https://www.youtube.com/watch?v=0rMUfn7BA8Y,Dreaming Spanish
1.2218,https://www.youtube.com/watch?v=NoIl7Odb51k,Dreaming Spanish
1.2240,https://www.youtube.com/watch?v=_FbnqYbSDkE,Dreaming Spanish
1.2305,https://www.youtube.com/watch?v=jU4qiFl0w4A,Dreaming Spanish
1.2334,https://www.youtube.com/watch?v=jY5JMBCLBlk,Dreaming Spanish
1.2336,https://www.youtube.com/watch?v=k3W1n3FK1j8,Dreaming Spanish
1.2358,https://www.youtube.com/watch?v=-qd4jbP7zJ8,Dreaming Spanish
1.2385,https://www.youtube.com/watch?v=yA4NQqd9f7w,Dreaming Spanish
1.2481,https://www.youtube.com/watch?v=9ZshS91Stiw,Dreaming Spanish
1.2514,https://www.youtube.com/watch?v=NYXGw4Jkkdc,Dreaming Spanish
1.2544,https://www.youtube.com/watch?v=GMMSbVx2FnA,Dreaming Spanish
1.2597,https://www.youtube.com/watch?v=A7diU_Sj1go,Dreaming Spanish
1.2606,https://www.youtube.com/watch?v=BWSu_3d9JUQ,Dreaming Spanish
1.2637,https://www.youtube.com/watch?v=TbOKPDqF4zI,Dreaming Spanish
1.2651,https://www.youtube.com/watch?v=wo3-Winq_0k,Dreaming Spanish
1.2673,https://www.youtube.com/watch?v=Hs9-JI1zggo,Dreaming Spanish
1.2701,https://www.youtube.com/watch?v=wqsWsJE6zKA,Dreaming Spanish
1.2734,https://www.youtube.com/watch?v=MGKJ95A7VkA,Dreaming Spanish
1.2742,https://www.youtube.com/watch?v=KTJwRMn1kDw,Dreaming Spanish
1.2790,https://www.youtube.com/watch?v=BUVgxjrLGvc,Dreaming Spanish
1.2857,https://www.youtube.com/watch?v=8A0ddUk4Vrg,Dreaming Spanish
1.2921,https://www.youtube.com/watch?v=hggo-uKl890,Dreaming Spanish
1.2932,https://www.youtube.com/watch?v=Td6mqDNTn1I,Dreaming Spanish
1.2933,https://www.youtube.com/watch?v=D1Th0ZSDva8,Dreaming Spanish
1.2953,https://www.youtube.com/watch?v=LBPpsY9SlwQ,Dreaming Spanish
1.2976,https://www.youtube.com/watch?v=tXo9jB4-xf4,Dreaming Spanish
1.3056,https://www.youtube.com/watch?v=ZJsPd2U2sbE,Dreaming Spanish
1.3068,https://www.youtube.com/watch?v=JHFvYli1POc,Dreaming Spanish
1.3104,https://www.youtube.com/watch?v=sgGpTomFMcU,Dreaming Spanish
1.3118,https://www.youtube.com/watch?v=uPtNakONP8Q,Dreaming Spanish
1.3142,https://www.youtube.com/watch?v=8ZrKYEeNPqM,Dreaming Spanish
1.3193,https://www.youtube.com/watch?v=mnIbPRFY52A,Dreaming Spanish
1.3223,https://www.youtube.com/watch?v=KjTgEL_73iY,Dreaming Spanish
1.3236,https://www.youtube.com/watch?v=WUH-0CBixYY,Dreaming Spanish
1.3245,https://www.youtube.com/watch?v=bCPU7lfV9TI,Dreaming Spanish
1.3245,https://www.youtube.com/watch?v=FkImWY8uiXg,Dreaming Spanish
1.3255,https://www.youtube.com/watch?v=AWSsPEkj0dM,Dreaming Spanish
1.3300,https://www.youtube.com/watch?v=b8d4Ug4qSUU,Dreaming Spanish
1.3331,https://www.youtube.com/watch?v=TIpoMed0Jqg,Dreaming Spanish
1.3380,https://www.youtube.com/watch?v=4tUEXGXmTng,Dreaming Spanish
1.3416,https://www.youtube.com/watch?v=Iup1-H1ryes,Dreaming Spanish
1.3431,https://www.youtube.com/watch?v=rfmeuL1eRtI,Dreaming Spanish
1.3449,https://www.youtube.com/watch?v=Wdv6Z_zuqOI,Dreaming Spanish
1.3473,https://www.youtube.com/watch?v=tkPvAUZ-HA8,Dreaming Spanish
1.3531,https://www.youtube.com/watch?v=epRoztxFC8k,Dreaming Spanish
1.3562,https://www.youtube.com/watch?v=3YeoCAsZDm0,Dreaming Spanish
1.3564,https://www.youtube.com/watch?v=cMxcfb562JE,Dreaming Spanish
1.3590,https://www.youtube.com/watch?v=Ldf8BmDoEys,Dreaming Spanish
1.3595,https://www.youtube.com/watch?v=eoEGZ6KIrNo,Dreaming Spanish
1.3599,https://www.youtube.com/watch?v=2_XZLAh5f_s,Dreaming Spanish
1.3603,https://www.youtube.com/watch?v=Be2vNQ6k-tw,Dreaming Spanish
1.3613,https://www.youtube.com/watch?v=3-Jktl4Wjaw,Dreaming Spanish
1.3623,https://www.youtube.com/watch?v=LgJ3UGrdt1k,Dreaming Spanish
1.3640,https://www.youtube.com/watch?v=9dwtBjSatvQ,Dreaming Spanish
1.3657,https://www.youtube.com/watch?v=jKr1Rr2mCYE,Dreaming Spanish
1.3692,https://www.youtube.com/watch?v=iN-e06l-SPM,Dreaming Spanish
1.3701,https://www.youtube.com/watch?v=_2l6QQt4IbU,Dreaming Spanish
1.3716,https://www.youtube.com/watch?v=JfIR8T_vAoU,Dreaming Spanish
1.3733,https://www.youtube.com/watch?v=tt3Fw7f7p-U,Dreaming Spanish
1.3779,https://www.youtube.com/watch?v=yHCrQIsHeBo,Dreaming Spanish
1.3798,https://www.youtube.com/watch?v=rYAeNmqj2Y8,Dreaming Spanish
1.3800,https://www.youtube.com/watch?v=q7nK8xjnMzk,Dreaming Spanish
1.3813,https://www.youtube.com/watch?v=LWvFDN1UhCs,Dreaming Spanish
1.3845,https://www.youtube.com/watch?v=Fq2mX3DALps,Dreaming Spanish
1.3850,https://www.youtube.com/watch?v=tIU9XxYG1go,Dreaming Spanish
1.3854,https://www.youtube.com/watch?v=l16DRMvPoKY,Dreaming Spanish
1.3917,https://www.youtube.com/watch?v=AZ89vSPfnkI,Dreaming Spanish
1.3921,https://www.youtube.com/watch?v=Dgd2oWwUfvg,Dreaming Spanish
1.3929,https://www.youtube.com/watch?v=DW-qcKk4b-A,Dreaming Spanish
1.3951,https://www.youtube.com/watch?v=Q9X0YTOxGcs,Dreaming Spanish
1.3957,https://www.youtube.com/watch?v=aZnXBVrpeq0,Dreaming Spanish
1.3985,https://www.youtube.com/watch?v=wBpWp-g1oxo,Dreaming Spanish
1.3988,https://www.youtube.com/watch?v=joabYzASSyk,Dreaming Spanish
1.4005,https://www.youtube.com/watch?v=49dp2lDULr8,Dreaming Spanish
1.4019,https://www.youtube.com/watch?v=P5mFVa9TvcU,Dreaming Spanish
1.4030,https://www.youtube.com/watch?v=-ZdWYn0OL10,Dreaming Spanish
1.4058,https://www.youtube.com/watch?v=Cix9kO9HZBY,Dreaming Spanish
1.4063,https://www.youtube.com/watch?v=rcbG4qK5P0g,Dreaming Spanish
1.4071,https://www.youtube.com/watch?v=sJKNQ8R5YTs,Dreaming Spanish
1.4107,https://www.youtube.com/watch?v=rL85kt16l7U,Dreaming Spanish
1.4132,https://www.youtube.com/watch?v=kx0cvLexJQo,Dreaming Spanish
1.4161,https://www.youtube.com/watch?v=mL-Js7Qp93M,Dreaming Spanish
1.4170,https://www.youtube.com/watch?v=tCgVziaSVSo,Dreaming Spanish
1.4170,https://www.youtube.com/watch?v=eV6kl_NDcZo,Dreaming Spanish
1.4177,https://www.youtube.com/watch?v=7HHECRQXrvo,Dreaming Spanish
1.4217,https://www.youtube.com/watch?v=2MxcUTbvviU,Dreaming Spanish
1.4251,https://www.youtube.com/watch?v=AJfox8hC3pY,Dreaming Spanish
1.4257,https://www.youtube.com/watch?v=9LkjKEpvEmE,Dreaming Spanish
1.4311,https://www.youtube.com/watch?v=WekEN6S5-S0,Dreaming Spanish
1.4318,https://www.youtube.com/watch?v=DWmTTp4tX4s,Dreaming Spanish
1.4331,https://www.youtube.com/watch?v=OYqyGHdfO0s,Dreaming Spanish
1.4351,https://www.youtube.com/watch?v=Y_Gj6MQiN-0,Dreaming Spanish
1.4366,https://www.youtube.com/watch?v=92PMSjsf3Ss,Dreaming Spanish
1.4367,https://www.youtube.com/watch?v=gUFFliB-D0w,Dreaming Spanish
1.4389,https://www.youtube.com/watch?v=BmXtYhRkAa8,Dreaming Spanish
1.4426,https://www.youtube.com/watch?v=wlX1M2pTwt4,Dreaming Spanish
1.4435,https://www.youtube.com/watch?v=cxCHaUCpFS4,Dreaming Spanish
1.4435,https://www.youtube.com/watch?v=Q__ipSNtJJk,Dreaming Spanish
1.4452,https://www.youtube.com/watch?v=7j693AMgFHM,Dreaming Spanish
1.4468,https://www.youtube.com/watch?v=GrOXYGmFye8,Dreaming Spanish
1.4499,https://www.youtube.com/watch?v=Bg5fIWho88c,Dreaming Spanish
1.4500,https://www.youtube.com/watch?v=H2yxSYUEkEc,Dreaming Spanish
1.4555,https://www.youtube.com/watch?v=0ke0qTsSdkE,Dreaming Spanish
1.4579,https://www.youtube.com/watch?v=q4t9CyFE7ME,Dreaming Spanish
1.4601,https://www.youtube.com/watch?v=bUImA2SXaZY,Dreaming Spanish
1.4604,https://www.youtube.com/watch?v=SV022A8bCe8,Dreaming Spanish
1.4620,https://www.youtube.com/watch?v=7x4anDYN_3c,Dreaming Spanish
1.4641,https://www.youtube.com/watch?v=PCpIT_mAzZ8,Dreaming Spanish
1.4692,https://www.youtube.com/watch?v=CtL7NzElloM,Dreaming Spanish
1.4714,https://www.youtube.com/watch?v=wwCrTg7078Q,Dreaming Spanish
1.4716,https://www.youtube.com/watch?v=h1ALm3U2qP8,Dreaming Spanish
1.4744,https://www.youtube.com/watch?v=My1BrIKUtJE,Dreaming Spanish
1.4783,https://www.youtube.com/watch?v=nOYnyu97lR4,Dreaming Spanish
1.4785,https://www.youtube.com/watch?v=dMpaxy9RSPM,Dreaming Spanish
1.4806,https://www.youtube.com/watch?v=zQrFu53OAqk,Dreaming Spanish
1.4806,https://www.youtube.com/watch?v=clEm7dCTYQc,Dreaming Spanish
1.4831,https://www.youtube.com/watch?v=EWK1JBYXmQ4,Dreaming Spanish
1.4844,https://www.youtube.com/watch?v=pX8szhJJIEc,Dreaming Spanish
1.4863,https://www.youtube.com/watch?v=-1YbdzrKToY,Dreaming Spanish
1.4873,https://www.youtube.com/watch?v=qilkDC2kVAI,Dreaming Spanish
1.4887,https://www.youtube.com/watch?v=gAVvC3PUESY,Dreaming Spanish
1.4971,https://www.youtube.com/watch?v=ZISrXROB9lc,Dreaming Spanish
1.4972,https://www.youtube.com/watch?v=tKcmOuITBI4,Dreaming Spanish
1.4991,https://www.youtube.com/watch?v=PYTZ64EW07I,Dreaming Spanish
1.5028,https://www.youtube.com/watch?v=BrT7qDT56SQ,Dreaming Spanish
1.5050,https://www.youtube.com/watch?v=JuldUFwxmeQ,Dreaming Spanish
1.5084,https://www.youtube.com/watch?v=iJeXQJLexSM,Dreaming Spanish
1.5084,https://www.youtube.com/watch?v=FwtoO7OF_RY,Dreaming Spanish
1.5106,https://www.youtube.com/watch?v=x8FFvFfVP7c,Dreaming Spanish
1.5119,https://www.youtube.com/watch?v=uzkYOrz2BE4,Dreaming Spanish
1.5128,https://www.youtube.com/watch?v=A5tdbPq7s5Q,Dreaming Spanish
1.5180,https://www.youtube.com/watch?v=sn0SPmJPtdI,Dreaming Spanish
1.5197,https://www.youtube.com/watch?v=iluJhZrLI0g,Dreaming Spanish
1.5213,https://www.youtube.com/watch?v=ZKNmZBAd8Xg,Dreaming Spanish
1.5273,https://www.youtube.com/watch?v=yJSSGrzTmvk,Dreaming Spanish
1.5289,https://www.youtube.com/watch?v=aDvsB9kcxoI,Dreaming Spanish
1.5292,https://www.youtube.com/watch?v=t6_u-EkLQI0,Dreaming Spanish
1.5330,https://www.youtube.com/watch?v=ctlvuCr7Oa8,Dreaming Spanish
1.5351,https://www.youtube.com/watch?v=5EeTaxer8a4,Dreaming Spanish
1.5365,https://www.youtube.com/watch?v=r0u11cAMDOA,Dreaming Spanish
1.5372,https://www.youtube.com/watch?v=np8bQxtiNzI,Dreaming Spanish
1.5375,https://www.youtube.com/watch?v=SeLY6jFHegk,Dreaming Spanish
1.5395,https://www.youtube.com/watch?v=AJIO2GosNwk,Dreaming Spanish
1.5400,https://www.youtube.com/watch?v=ix2Epl65XsU,Dreaming Spanish
1.5412,https://www.youtube.com/watch?v=aE7HySHzzpQ,Dreaming Spanish
1.5414,https://www.youtube.com/watch?v=ifm0B9KmIzk,Dreaming Spanish
1.5444,https://www.youtube.com/watch?v=wGjZu7Y-cJg,Dreaming Spanish
1.5485,https://www.youtube.com/watch?v=Ho0zmcUG-80,Dreaming Spanish
1.5525,https://www.youtube.com/watch?v=Tri0x8kXd0k,Dreaming Spanish
1.5532,https://www.youtube.com/watch?v=C6f4AP7Pr6A,Dreaming Spanish
1.5563,https://www.youtube.com/watch?v=4pAwCy3o53I,Dreaming Spanish
1.5564,https://www.youtube.com/watch?v=Gj3a7-SOVCE,Dreaming Spanish
1.5592,https://www.youtube.com/watch?v=4u0unIF5Z1Q,Dreaming Spanish
1.5596,https://www.youtube.com/watch?v=VfkHRK5-8Lo,Dreaming Spanish
1.5623,https://www.youtube.com/watch?v=SDk0N2QoC_4,Dreaming Spanish
1.5665,https://www.youtube.com/watch?v=y7qEOhbixpQ,Dreaming Spanish
1.5766,https://www.youtube.com/watch?v=N2n2ZxqYaxk,Dreaming Spanish
1.5784,https://www.youtube.com/watch?v=hjSVmE4IyG4,Dreaming Spanish
1.5831,https://www.youtube.com/watch?v=jSA3S5AJAcs,Dreaming Spanish
1.5842,https://www.youtube.com/watch?v=AdWG63kHRgc,Dreaming Spanish
1.5916,https://www.youtube.com/watch?v=lt-Ee9rZyhM,Dreaming Spanish
1.5973,https://www.youtube.com/watch?v=AkL8zcv3OsI,Dreaming Spanish
1.5976,https://www.youtube.com/watch?v=UWTQBxW4fYQ,Dreaming Spanish
1.5984,https://www.youtube.com/watch?v=r2lxofUusQA,Dreaming Spanish
1.5994,https://www.youtube.com/watch?v=06yvOASK9A8,Dreaming Spanish
1.6004,https://www.youtube.com/watch?v=S6w7AXeJ9Z0,Dreaming Spanish
1.6035,https://www.youtube.com/watch?v=KR7AQ164AfI,Dreaming Spanish
1.6043,https://www.youtube.com/watch?v=CRcGrhdGLNI,Dreaming Spanish
1.6071,https://www.youtube.com/watch?v=69GMzS27FH4,Dreaming Spanish
1.6078,https://www.youtube.com/watch?v=bWW2ZeWSrjc,Dreaming Spanish
1.6095,https://www.youtube.com/watch?v=9CbO6itOMZE,Dreaming Spanish
1.6096,https://www.youtube.com/watch?v=XRn4lc-IAro,Dreaming Spanish
1.6131,https://www.youtube.com/watch?v=IJo4SJhn08w,Dreaming Spanish
1.6149,https://www.youtube.com/watch?v=CYNW8k5K-Aw,Dreaming Spanish
1.6196,https://www.youtube.com/watch?v=qBsAv-NtWko,Dreaming Spanish
1.6202,https://www.youtube.com/watch?v=yoTs6T9Grms,Dreaming Spanish
1.6216,https://www.youtube.com/watch?v=dMDu37GMenI,Dreaming Spanish
1.6221,https://www.youtube.com/watch?v=aWSsWoWyJIs,Dreaming Spanish
1.6227,https://www.youtube.com/watch?v=1U-Hy0Bf_Ro,Dreaming Spanish
1.6255,https://www.youtube.com/watch?v=yHAVjuVtJ-4,Dreaming Spanish
1.6265,https://www.youtube.com/watch?v=GW8R5COED0U,Dreaming Spanish
1.6301,https://www.youtube.com/watch?v=XX4ZVraXzDY,Dreaming Spanish
1.6317,https://www.youtube.com/watch?v=S6x64LjZoJ0,Dreaming Spanish
1.6318,https://www.youtube.com/watch?v=KqL7Jt1pxAI,Dreaming Spanish
1.6386,https://www.youtube.com/watch?v=jqiJz7wSC5k,Dreaming Spanish
1.6398,https://www.youtube.com/watch?v=N9oPGsUsHSY,Dreaming Spanish
1.6425,https://www.youtube.com/watch?v=NAfng34PdQ8,Dreaming Spanish
1.6435,https://www.youtube.com/watch?v=dqGzSyUe8GY,Dreaming Spanish
1.6481,https://www.youtube.com/watch?v=EtS75pyDLCk,Dreaming Spanish
1.6484,https://www.youtube.com/watch?v=LjZK5t4CdYc,Dreaming Spanish
1.6537,https://www.youtube.com/watch?v=wU6JMRcIA-E,Dreaming Spanish
1.6541,https://www.youtube.com/watch?v=uUOKmDNyKDw,Dreaming Spanish
1.6581,https://www.youtube.com/watch?v=3HnhlzYcEbc,Dreaming Spanish
1.6592,https://www.youtube.com/watch?v=YJ8N3Fpc9wE,Dreaming Spanish
1.6609,https://www.youtube.com/watch?v=H-33l8JYNww,Dreaming Spanish
1.6612,https://www.youtube.com/watch?v=Xcs2cB9bp6M,Dreaming Spanish
1.6622,https://www.youtube.com/watch?v=9Jh-k8C0kY8,Dreaming Spanish
1.6672,https://www.youtube.com/watch?v=GJa2p5HPoGA,Dreaming Spanish
1.6701,https://www.youtube.com/watch?v=5D6m1z-00lA,Dreaming Spanish
1.6742,https://www.youtube.com/watch?v=6bYWWF3OzxQ,Dreaming Spanish
1.6751,https://www.youtube.com/watch?v=h2nopqlP7xY,Dreaming Spanish
1.6827,https://www.youtube.com/watch?v=luY7GVHg0I8,Dreaming Spanish
1.6856,https://www.youtube.com/watch?v=1xeBFMj8Zek,Dreaming Spanish
1.6871,https://www.youtube.com/watch?v=tEJKG6TtdSs,Dreaming Spanish
1.6930,https://www.youtube.com/watch?v=zUup-lRefn8,Dreaming Spanish
1.6934,https://www.youtube.com/watch?v=Lwuh9sgdf_0,Dreaming Spanish
1.6945,https://www.youtube.com/watch?v=bu0uq4tJCrQ,Dreaming Spanish
1.6962,https://www.youtube.com/watch?v=F4fumC8GdL0,Dreaming Spanish
1.7075,https://www.youtube.com/watch?v=Pxnx8Ndketg,Dreaming Spanish
1.7084,https://www.youtube.com/watch?v=WpiSOySkz2g,Dreaming Spanish
1.7096,https://www.youtube.com/watch?v=eHgPwCmoRXI,Dreaming Spanish
1.7135,https://www.youtube.com/watch?v=_x_GfqaNR_o,Dreaming Spanish
1.7198,https://www.youtube.com/watch?v=l9MDL70PKtM,Dreaming Spanish
1.7204,https://www.youtube.com/watch?v=MmV16-obMS4,Dreaming Spanish
1.7255,https://www.youtube.com/watch?v=EGJ5Taw9Ee8,Dreaming Spanish
1.7288,https://www.youtube.com/watch?v=lBDGpTxlaPM,Dreaming Spanish
1.7288,https://www.youtube.com/watch?v=aW-p0ERqT7o,Dreaming Spanish
1.7298,https://www.youtube.com/watch?v=Az_le6r1PVw,Dreaming Spanish
1.7305,https://www.youtube.com/watch?v=PW-4pS4Btds,Dreaming Spanish
1.7309,https://www.youtube.com/watch?v=v7BG4xLVGDE,Dreaming Spanish
1.7329,https://www.youtube.com/watch?v=dB-btbvrRLM,Dreaming Spanish
1.7332,https://www.youtube.com/watch?v=5ttnIQaNt0M,Dreaming Spanish
1.7351,https://www.youtube.com/watch?v=ypbPWdIio9o,Dreaming Spanish
1.7356,https://www.youtube.com/watch?v=7FY4J4XOfck,Dreaming Spanish
1.7363,https://www.youtube.com/watch?v=euDaJRwX2Xc,Dreaming Spanish
1.7374,https://www.youtube.com/watch?v=eEC25PrUoM8,Dreaming Spanish
1.7385,https://www.youtube.com/watch?v=xFXUVEnKZlc,Dreaming Spanish
1.7389,https://www.youtube.com/watch?v=qyKznSXpVR8,Dreaming Spanish
1.7404,https://www.youtube.com/watch?v=wl201Cg2JDg,Dreaming Spanish
1.7421,https://www.youtube.com/watch?v=Do_o9EPCg5I,Dreaming Spanish
1.7488,https://www.youtube.com/watch?v=zIR2eBtkhN0,Dreaming Spanish
1.7490,https://www.youtube.com/watch?v=eY3OwHjstqQ,Dreaming Spanish
1.7634,https://www.youtube.com/watch?v=gFuA_6JdOZQ,Dreaming Spanish
1.7644,https://www.youtube.com/watch?v=v3VCN4z8yDg,Dreaming Spanish
1.7657,https://www.youtube.com/watch?v=dgFmWxtHSyU,Dreaming Spanish
1.7658,https://www.youtube.com/watch?v=M4CdEs1w6S4,Dreaming Spanish
1.7671,https://www.youtube.com/watch?v=RyuMgGBChxk,Dreaming Spanish
1.7676,https://www.youtube.com/watch?v=TQo9e2goouc,Dreaming Spanish
1.7727,https://www.youtube.com/watch?v=w0109AUJ4tQ,Dreaming Spanish
1.7751,https://www.youtube.com/watch?v=fpq2SW8a8XA,Dreaming Spanish
1.7761,https://www.youtube.com/watch?v=Zpc_pozneRw,Dreaming Spanish
1.7778,https://www.youtube.com/watch?v=vze5FzNpPsQ,Dreaming Spanish
1.7780,https://www.youtube.com/watch?v=OBZu4T-01Jg,Dreaming Spanish
1.7783,https://www.youtube.com/watch?v=LhdtK2ocKiw,Dreaming Spanish
1.7789,https://www.youtube.com/watch?v=d3ZmPpXgkcs,Dreaming Spanish
1.7818,https://www.youtube.com/watch?v=0kk2H2TxEDY,Dreaming Spanish
1.7891,https://www.youtube.com/watch?v=gk7QS1zFMdg,Dreaming Spanish
1.7901,https://www.youtube.com/watch?v=zlqBocgmnTE,Dreaming Spanish
1.7903,https://www.youtube.com/watch?v=b3gaX0-ZMmk,Dreaming Spanish
1.7908,https://www.youtube.com/watch?v=fFlcTdD5C44,Dreaming Spanish
1.7933,https://www.youtube.com/watch?v=l-ymhdCMTD8,Dreaming Spanish
1.7983,https://www.youtube.com/watch?v=_Ir00h41CMA,Dreaming Spanish
1.8026,https://www.youtube.com/watch?v=3vPO3-ApVrc,Dreaming Spanish
1.8038,https://www.youtube.com/watch?v=nC2tR9PzBqM,Dreaming Spanish
1.8059,https://www.youtube.com/watch?v=V6Z4i0R_yfI,Dreaming Spanish
1.8089,https://www.youtube.com/watch?v=JsC5k-VZIJk,Dreaming Spanish
1.8147,https://www.youtube.com/watch?v=3Aef1ER6vXU,Dreaming Spanish
1.8151,https://www.youtube.com/watch?v=O6cqtZkLh20,Dreaming Spanish
1.8154,https://www.youtube.com/watch?v=S9wV1zmXXVc,Dreaming Spanish
1.8163,https://www.youtube.com/watch?v=ofViSC86a7U,Dreaming Spanish
1.8178,https://www.youtube.com/watch?v=VS-f1tESkwQ,Dreaming Spanish
1.8189,https://www.youtube.com/watch?v=3xgsEGaTGcQ,Dreaming Spanish
1.8299,https://www.youtube.com/watch?v=j6FNRpraWwM,Dreaming Spanish
1.8343,https://www.youtube.com/watch?v=YI4ULydOuBI,Dreaming Spanish
1.8371,https://www.youtube.com/watch?v=e193zgEqmCU,Dreaming Spanish
1.8410,https://www.youtube.com/watch?v=0KbehcuArzs,Dreaming Spanish
1.8413,https://www.youtube.com/watch?v=On4Uroj5xCY,Dreaming Spanish
1.8415,https://www.youtube.com/watch?v=p-ye5heJBGk,Dreaming Spanish
1.8449,https://www.youtube.com/watch?v=Gh_tOhtLBTc,Dreaming Spanish
1.8466,https://www.youtube.com/watch?v=VdWzlAa5vxY,Dreaming Spanish
1.8496,https://www.youtube.com/watch?v=o3-ZqAC3A7E,Dreaming Spanish
1.8507,https://www.youtube.com/watch?v=wwDtdXhkeXQ,Dreaming Spanish
1.8513,https://www.youtube.com/watch?v=JXs0wpiaaTw,Dreaming Spanish
1.8553,https://www.youtube.com/watch?v=j6biCVAm1EM,Dreaming Spanish
1.8561,https://www.youtube.com/watch?v=q46gFLo4gaU,Dreaming Spanish
1.8575,https://www.youtube.com/watch?v=62GyVAK5jIY,Dreaming Spanish
1.8592,https://www.youtube.com/watch?v=4csjX2eFB0U,Dreaming Spanish
1.8614,https://www.youtube.com/watch?v=BwYb0WiVfEs,Dreaming Spanish
1.8620,https://www.youtube.com/watch?v=KbXqpm_IJG8,Dreaming Spanish
1.8625,https://www.youtube.com/watch?v=JgCiIEPD9RQ,Dreaming Spanish
1.8659,https://www.youtube.com/watch?v=SgHO8Z8D_7Y,Dreaming Spanish
1.8701,https://www.youtube.com/watch?v=weyBzvE-0ec,Dreaming Spanish
1.8739,https://www.youtube.com/watch?v=DYkvrOO-tYU,Dreaming Spanish
1.8753,https://www.youtube.com/watch?v=g-0Ux73ZHl0,Dreaming Spanish
1.8756,https://www.youtube.com/watch?v=ZJLGF13GhCw,Dreaming Spanish
1.8765,https://www.youtube.com/watch?v=sesfHHvNgPw,Dreaming Spanish
1.8766,https://www.youtube.com/watch?v=XzLxoRS62DI,Dreaming Spanish
1.8836,https://www.youtube.com/watch?v=_Mk6WYi90O8,Dreaming Spanish
1.8853,https://www.youtube.com/watch?v=SIe9pBOtWkk,Dreaming Spanish
1.8862,https://www.youtube.com/watch?v=mZgLSBE0Tnw,Dreaming Spanish
1.8902,https://www.youtube.com/watch?v=mdCjYmheboA,Dreaming Spanish
1.8904,https://www.youtube.com/watch?v=QAVrAh3fFxo,Dreaming Spanish
1.8914,https://www.youtube.com/watch?v=3DntxjPjJ34,Dreaming Spanish
1.8917,https://www.youtube.com/watch?v=Ds3rXBWeU2s,Dreaming Spanish
1.8931,https://www.youtube.com/watch?v=wC5737uXlGE,Dreaming Spanish
1.8938,https://www.youtube.com/watch?v=1b3EEcA1BXA,Dreaming Spanish
1.8939,https://www.youtube.com/watch?v=XIlea_yCb0E,Dreaming Spanish
1.8950,https://www.youtube.com/watch?v=IQzfpCYPYX0,Dreaming Spanish
1.8987,https://www.youtube.com/watch?v=kr2kcj6vKZ8,Dreaming Spanish
1.8990,https://www.youtube.com/watch?v=Sfqgw_uQ82U,Dreaming Spanish
1.9015,https://www.youtube.com/watch?v=Y8pSVHVBJf8,Dreaming Spanish
1.9033,https://www.youtube.com/watch?v=uX-bVYnbVPM,Dreaming Spanish
1.9034,https://www.youtube.com/watch?v=RBAn4iWCBSE,Dreaming Spanish
1.9052,https://www.youtube.com/watch?v=ULUlPBcgABY,Dreaming Spanish
1.9053,https://www.youtube.com/watch?v=ExLaVKbi2pg,Dreaming Spanish
1.9074,https://www.youtube.com/watch?v=UJbp_peDWvY,Dreaming Spanish
1.9079,https://www.youtube.com/watch?v=TwyhoY2WuAs,Dreaming Spanish
1.9128,https://www.youtube.com/watch?v=DQg8uZRSgJ0,Dreaming Spanish
1.9132,https://www.youtube.com/watch?v=n2pSXX9Px18,Dreaming Spanish
1.9225,https://www.youtube.com/watch?v=eZYbz1K-grU,Dreaming Spanish
1.9248,https://www.youtube.com/watch?v=1I-NTYtJcLQ,Dreaming Spanish
1.9292,https://www.youtube.com/watch?v=uezdUmrAxzw,Dreaming Spanish
1.9296,https://www.youtube.com/watch?v=lHXVYe-zu6M,Dreaming Spanish
1.9304,https://www.youtube.com/watch?v=iocTEdoqmrE,Dreaming Spanish
1.9318,https://www.youtube.com/watch?v=Ia0XJaF88f4,Dreaming Spanish
1.9369,https://www.youtube.com/watch?v=HMpWwrkQVqQ,Dreaming Spanish
1.9436,https://www.youtube.com/watch?v=-wlmXromagw,Dreaming Spanish
1.9442,https://www.youtube.com/watch?v=Nvcr_dvP-S0,Dreaming Spanish
1.9448,https://www.youtube.com/watch?v=zVz4XkSUK88,Dreaming Spanish
1.9492,https://www.youtube.com/watch?v=1wFfvpxq21Y,Dreaming Spanish
1.9522,https://www.youtube.com/watch?v=QB4efS_sbqs,Dreaming Spanish
1.9540,https://www.youtube.com/watch?v=o6lGPH_AIhE,Dreaming Spanish
1.9550,https://www.youtube.com/watch?v=mZYkySWI968,Dreaming Spanish
1.9575,https://www.youtube.com/watch?v=xz1WIT37_G0,Dreaming Spanish
1.9591,https://www.youtube.com/watch?v=IVk0f2gQBz8,Dreaming Spanish
1.9592,https://www.youtube.com/watch?v=ZFaNwLWGhHE,Dreaming Spanish
1.9643,https://www.youtube.com/watch?v=5CItOfgftGk,Dreaming Spanish
1.9649,https://www.youtube.com/watch?v=g-viJ_rboZs,Dreaming Spanish
1.9707,https://www.youtube.com/watch?v=8AzrdS5LguY,Dreaming Spanish
1.9737,https://www.youtube.com/watch?v=eWEHnBjI6Gc,Dreaming Spanish
1.9741,https://www.youtube.com/watch?v=gyUQXGp-epE,Dreaming Spanish
1.9741,https://www.youtube.com/watch?v=wM6cvUcnvTk,Dreaming Spanish
1.9764,https://www.youtube.com/watch?v=tTHKLPfjzbY,Dreaming Spanish
1.9785,https://www.youtube.com/watch?v=z_4eRACVbII,Dreaming Spanish
1.9807,https://www.youtube.com/watch?v=TTTu763Gt5k,Dreaming Spanish
1.9832,https://www.youtube.com/watch?v=R5EAvGeNy1Y,Dreaming Spanish
1.9841,https://www.youtube.com/watch?v=Zb8yLOASZtI,Dreaming Spanish
1.9842,https://www.youtube.com/watch?v=GbDkWTx4mTg,Dreaming Spanish
1.9854,https://www.youtube.com/watch?v=epELAYk5CoA,Dreaming Spanish
1.9892,https://www.youtube.com/watch?v=iGzr4XBsJnA,Dreaming Spanish
1.9893,https://www.youtube.com/watch?v=8_6U9tLNJfM,Dreaming Spanish
1.9901,https://www.youtube.com/watch?v=tq7jqOM5vhM,Dreaming Spanish
1.9920,https://www.youtube.com/watch?v=1LHAW4Ai5bk,Dreaming Spanish
1.9931,https://www.youtube.com/watch?v=WxOgY9Q1xvo,Dreaming Spanish
1.9933,https://www.youtube.com/watch?v=L7WuwKIS8kI,Dreaming Spanish
1.9948,https://www.youtube.com/watch?v=z1znEKCEWdM,Dreaming Spanish
2.0005,https://www.youtube.com/watch?v=JakYdnx02S4,Dreaming Spanish
2.0021,https://www.youtube.com/watch?v=AJO7AEPPTzM,Dreaming Spanish
2.0074,https://www.youtube.com/watch?v=NNwIcU2a2sE,Dreaming Spanish
2.0087,https://www.youtube.com/watch?v=-hD9Z3T10XQ,Dreaming Spanish
2.0087,https://www.youtube.com/watch?v=au0gpbZvpQ8,Dreaming Spanish
2.0095,https://www.youtube.com/watch?v=hLzCTZHCndY,Dreaming Spanish
2.0106,https://www.youtube.com/watch?v=Asad-YYh7e4,Dreaming Spanish
2.0108,https://www.youtube.com/watch?v=KPUC2s5CHsI,Dreaming Spanish
2.0129,https://www.youtube.com/watch?v=OzxGXKiPJew,Dreaming Spanish
2.0138,https://www.youtube.com/watch?v=eLUxefMdi9E,Dreaming Spanish
2.0143,https://www.youtube.com/watch?v=_ZSr3O6vT4Y,Dreaming Spanish
2.0174,https://www.youtube.com/watch?v=BDVcjxWUuEU,Dreaming Spanish
2.0185,https://www.youtube.com/watch?v=m04NP2HdgC4,Dreaming Spanish
2.0243,https://www.youtube.com/watch?v=oUtG0-38Pfc,Dreaming Spanish
2.0246,https://www.youtube.com/watch?v=eH68l9sZPDU,Dreaming Spanish
2.0253,https://www.youtube.com/watch?v=3t397Cmx9uM,Dreaming Spanish
2.0271,https://www.youtube.com/watch?v=4jWV0LyPqs4,Dreaming Spanish
2.0325,https://www.youtube.com/watch?v=JEokemb570w,Dreaming Spanish
2.0360,https://www.youtube.com/watch?v=mALTWDUenkk,Dreaming Spanish
2.0417,https://www.youtube.com/watch?v=Fr4thkQJh-M,Dreaming Spanish
2.0439,https://www.youtube.com/watch?v=xh-tf99PQyk,Dreaming Spanish
2.0464,https://www.youtube.com/watch?v=OheGJ2geFnA,Dreaming Spanish
2.0474,https://www.youtube.com/watch?v=5RWFvzhId7U,Dreaming Spanish
2.0499,https://www.youtube.com/watch?v=mfcTzZi7si0,Dreaming Spanish
2.0532,https://www.youtube.com/watch?v=rJGXV9xguj4,Dreaming Spanish
2.0547,https://www.youtube.com/watch?v=9DzjOoIq0pQ,Dreaming Spanish
2.0551,https://www.youtube.com/watch?v=Totedp0xalA,Dreaming Spanish
2.0567,https://www.youtube.com/watch?v=jIkLe1fX1WA,Dreaming Spanish
2.0570,https://www.youtube.com/watch?v=zmh1IsoVVUk,Dreaming Spanish
2.0585,https://www.youtube.com/watch?v=R7vKAAUZjZo,Dreaming Spanish
2.0585,https://www.youtube.com/watch?v=mSjblmOt7wE,Dreaming Spanish
2.0635,https://www.youtube.com/watch?v=81Bp9eIGcsM,Dreaming Spanish
2.0640,https://www.youtube.com/watch?v=Ag13d1A7xtc,Dreaming Spanish
2.0677,https://www.youtube.com/watch?v=p9xJ8Hnu0xA,Dreaming Spanish
2.0762,https://www.youtube.com/watch?v=0CYwu9TXD6o,Dreaming Spanish
2.0822,https://www.youtube.com/watch?v=i0BMoHbEy0c,Dreaming Spanish
2.0860,https://www.youtube.com/watch?v=kZFauMpDKMw,Dreaming Spanish
2.0878,https://www.youtube.com/watch?v=lHsQ24y5eoA,Dreaming Spanish
2.0917,https://www.youtube.com/watch?v=uZD0sE0B_tQ,Dreaming Spanish
2.0928,https://www.youtube.com/watch?v=nr92bacH81M,Dreaming Spanish
2.0939,https://www.youtube.com/watch?v=VF6edB_8ZXM,Dreaming Spanish
2.0995,https://www.youtube.com/watch?v=ZonX65CDRQI,Dreaming Spanish
2.0996,https://www.youtube.com/watch?v=VKf-acJo1wM,Dreaming Spanish
2.1046,https://www.youtube.com/watch?v=HKLdDKRWrRI,Dreaming Spanish
2.1066,https://www.youtube.com/watch?v=jvbiARc1dyA,Dreaming Spanish
2.1121,https://www.youtube.com/watch?v=qhBKY9UxeTg,Dreaming Spanish
2.1122,https://www.youtube.com/watch?v=f3o-r3NEoWc,Dreaming Spanish
2.1188,https://www.youtube.com/watch?v=sMOoeVnK5dM,Dreaming Spanish
2.1196,https://www.youtube.com/watch?v=uFi54MHKW18,Dreaming Spanish
2.1206,https://www.youtube.com/watch?v=uP2IOKBkANg,Dreaming Spanish
2.1258,https://www.youtube.com/watch?v=bON3AOUqNb8,Dreaming Spanish
2.1265,https://www.youtube.com/watch?v=KTOPh7f32Qg,Dreaming Spanish
2.1270,https://www.youtube.com/watch?v=SZwP2_D708Y,Dreaming Spanish
2.1280,https://www.youtube.com/watch?v=aOxb9tQrZ0Q,Dreaming Spanish
2.1317,https://www.youtube.com/watch?v=isRj_EHrtQg,Dreaming Spanish
2.1328,https://www.youtube.com/watch?v=9OLcKaTtI_s,Dreaming Spanish
2.1331,https://www.youtube.com/watch?v=-juyR8dX2fw,Dreaming Spanish
2.1341,https://www.youtube.com/watch?v=SCunkHNBFCg,Dreaming Spanish
2.1343,https://www.youtube.com/watch?v=jWEiArhADXg,Dreaming Spanish
2.1380,https://www.youtube.com/watch?v=x4M6mohCgAE,Dreaming Spanish
2.1392,https://www.youtube.com/watch?v=Alr-QN6i0D8,Dreaming Spanish
2.1404,https://www.youtube.com/watch?v=Sb5ZFVf97J4,Dreaming Spanish
2.1405,https://www.youtube.com/watch?v=FsO2HgCfYuA,Dreaming Spanish
2.1424,https://www.youtube.com/watch?v=JbAvhtyWLgU,Dreaming Spanish
2.1437,https://www.youtube.com/watch?v=TdTRcUJjzXg,Dreaming Spanish
2.1525,https://www.youtube.com/watch?v=Nq-Vv5Sw_hg,Dreaming Spanish
2.1530,https://www.youtube.com/watch?v=5Y0ChbKD3eo,Dreaming Spanish
2.1536,https://www.youtube.com/watch?v=ZVu8Is-reXs,Dreaming Spanish
2.1537,https://www.youtube.com/watch?v=NuJKdXaWCPM,Dreaming Spanish
2.1554,https://www.youtube.com/watch?v=YxguWjh3KHs,Dreaming Spanish
2.1560,https://www.youtube.com/watch?v=065i04qBPuQ,Dreaming Spanish
2.1656,https://www.youtube.com/watch?v=tCQaJBhBdDY,Dreaming Spanish
2.1710,https://www.youtube.com/watch?v=kRIaUXXipVU,Dreaming Spanish
2.1716,https://www.youtube.com/watch?v=d78X9RW7a0U,Dreaming Spanish
2.1717,https://www.youtube.com/watch?v=WCoBT1x1abk,Dreaming Spanish
2.1738,https://www.youtube.com/watch?v=V0TMufK45Xc,Dreaming Spanish
2.1746,https://www.youtube.com/watch?v=LpmOKl1vba4,Dreaming Spanish
2.1762,https://www.youtube.com/watch?v=yGzpk3ttMoA,Dreaming Spanish
2.1802,https://www.youtube.com/watch?v=vh4fTor8PPI,Dreaming Spanish
2.1830,https://www.youtube.com/watch?v=wFeyWgXVF6w,Dreaming Spanish
2.1838,https://www.youtube.com/watch?v=vgufJeDLvHc,Dreaming Spanish
2.1876,https://www.youtube.com/watch?v=eHlIytSjbck,Dreaming Spanish
2.1878,https://www.youtube.com/watch?v=pfmbBhG24YE,Dreaming Spanish
2.1912,https://www.youtube.com/watch?v=16n79bxBn-Y,Dreaming Spanish
2.1970,https://www.youtube.com/watch?v=dkM96KExSYk,Dreaming Spanish
2.2026,https://www.youtube.com/watch?v=cm0k8m1cylM,Dreaming Spanish
2.2102,https://www.youtube.com/watch?v=pxHZ3RBbJBI,Dreaming Spanish
2.2291,https://www.youtube.com/watch?v=TQEmle8fx6Q,Dreaming Spanish
2.2314,https://www.youtube.com/watch?v=fekwxJNRM5s,Dreaming Spanish
2.2318,https://www.youtube.com/watch?v=m76pPjvUkB8,Dreaming Spanish
2.2347,https://www.youtube.com/watch?v=Nn6RljRvf6M,Dreaming Spanish
2.2376,https://www.youtube.com/watch?v=IqYkitkJRyg,Dreaming Spanish
2.2379,https://www.youtube.com/watch?v=VQlzBdp2kDU,Dreaming Spanish
2.2427,https://www.youtube.com/watch?v=qeVONnXobOY,Dreaming Spanish
2.2464,https://www.youtube.com/watch?v=XQKlNl__R4g,Dreaming Spanish
2.2477,https://www.youtube.com/watch?v=hHbgRS5A-yI,Dreaming Spanish
2.2489,https://www.youtube.com/watch?v=lfStwhN-hU0,Dreaming Spanish
2.2489,https://www.youtube.com/watch?v=FhGr5oW27z4,Dreaming Spanish
2.2519,https://www.youtube.com/watch?v=pYHQfAczO2E,Dreaming Spanish
2.2560,https://www.youtube.com/watch?v=qaXTMcR3c_0,Dreaming Spanish
2.2585,https://www.youtube.com/watch?v=cqOaUCq1cgE,Dreaming Spanish
2.2620,https://www.youtube.com/watch?v=eCFZd6EowbU,Dreaming Spanish
2.2643,https://www.youtube.com/watch?v=8021uteZbxQ,Dreaming Spanish
2.2644,https://www.youtube.com/watch?v=EhuqjiM0jWY,Dreaming Spanish
2.2802,https://www.youtube.com/watch?v=GAtl2SX2l1o,Dreaming Spanish
2.2803,https://www.youtube.com/watch?v=0twHnpAOpT4,Dreaming Spanish
2.2816,https://www.youtube.com/watch?v=_WuoWKnYGEQ,Dreaming Spanish
2.2842,https://www.youtube.com/watch?v=zmyxX7WGvME,Dreaming Spanish
2.2844,https://www.youtube.com/watch?v=t81_m5_Kogw,Dreaming Spanish
2.3082,https://www.youtube.com/watch?v=1wg6kea-l8k,Dreaming Spanish
2.3099,https://www.youtube.com/watch?v=Yte85PUWLaw,Dreaming Spanish
2.3195,https://www.youtube.com/watch?v=4F_f_zWF2uk,Dreaming Spanish
2.3200,https://www.youtube.com/watch?v=MxKwIcQMGWw,Dreaming Spanish
2.3248,https://www.youtube.com/watch?v=ZF8KJsDL_jE,Dreaming Spanish
2.3302,https://www.youtube.com/watch?v=lcrKKj7Q6Zo,Dreaming Spanish
2.3376,https://www.youtube.com/watch?v=q7qDAU5Bcsk,Dreaming Spanish
2.3404,https://www.youtube.com/watch?v=43b0VChp2Oo,Dreaming Spanish
2.3407,https://www.youtube.com/watch?v=F5Yu3yZyxzg,Dreaming Spanish
2.3432,https://www.youtube.com/watch?v=FZd84yc4vbw,Dreaming Spanish
2.3509,https://www.youtube.com/watch?v=x95lZUdAdCc,Dreaming Spanish
2.3522,https://www.youtube.com/watch?v=gfxe-q_H_0E,Dreaming Spanish
2.3522,https://www.youtube.com/watch?v=XQFdw1Fp4dQ,Dreaming Spanish
2.3593,https://www.youtube.com/watch?v=tx73qdbUk7s,Dreaming Spanish
2.3780,https://www.youtube.com/watch?v=ah3GH6fDq3E,Dreaming Spanish
2.3819,https://www.youtube.com/watch?v=YbahIjEG2i4,Dreaming Spanish
2.4132,https://www.youtube.com/watch?v=aHFVRgsfC6c,Dreaming Spanish
2.4203,https://www.youtube.com/watch?v=6UsovdDNmAw,Dreaming Spanish
2.4224,https://www.youtube.com/watch?v=rU3zoyf3CnQ,Dreaming Spanish
2.4299,https://www.youtube.com/watch?v=jIUeHVLPZd0,Dreaming Spanish
2.4312,https://www.youtube.com/watch?v=XP-7D5P-Hfo,Dreaming Spanish
2.4314,https://www.youtube.com/watch?v=-MCFEcD7khs,Dreaming Spanish
2.4388,https://www.youtube.com/watch?v=h_4v8jq8OSQ,Dreaming Spanish
2.4402,https://www.youtube.com/watch?v=8ogT5co7DTU,Dreaming Spanish
2.4425,https://www.youtube.com/watch?v=paiawWVCxRk,Dreaming Spanish
2.4585,https://www.youtube.com/watch?v=vmp7gnY3E58,Dreaming Spanish
2.4643,https://www.youtube.com/watch?v=tPLRjNg8O1Y,Dreaming Spanish
2.4736,https://www.youtube.com/watch?v=7O3mcz_zmBY,Dreaming Spanish
2.4957,https://www.youtube.com/watch?v=iMxabjgE-iY,Dreaming Spanish
2.5012,https://www.youtube.com/watch?v=f_F9vZ6Y_8M,Dreaming Spanish
2.5156,https://www.youtube.com/watch?v=YYkZRk7IR8Y,Dreaming Spanish
2.5192,https://www.youtube.com/watch?v=XtGKTkHLDIc,Dreaming Spanish
2.5967,https://www.youtube.com/watch?v=lOWozjsE3JQ,Dreaming Spanish
2.6065,https://www.youtube.com/watch?v=qYjJa9yw30c,Dreaming Spanish
2.6099,https://www.youtube.com/watch?v=C_LmjTph518,Dreaming Spanish
2.6152,https://www.youtube.com/watch?v=_795JpL0nMo,Dreaming Spanish
2.6252,https://www.youtube.com/watch?v=eWskCwh-vy0,Dreaming Spanish
2.6548,https://www.youtube.com/watch?v=-oVGKqOQtXI,Dreaming Spanish
2.6652,https://www.youtube.com/watch?v=VeQ57K2jYl4,Dreaming Spanish
2.6743,https://www.youtube.com/watch?v=9p6WmmZNi6U,Dreaming Spanish
2.7007,https://www.youtube.com/watch?v=BfVnfDQt-4o,Dreaming Spanish
2.7068,https://www.youtube.com/watch?v=6Mq-DJMMeRk,Dreaming Spanish
2.7072,https://www.youtube.com/watch?v=s_3qdy9S5Ks,Dreaming Spanish
2.7197,https://www.youtube.com/watch?v=khxZPSv16HA,Dreaming Spanish
2.7609,https://www.youtube.com/watch?v=r9kZopIxWxs,Dreaming Spanish
2.7719,https://www.youtube.com/watch?v=4LR0WiVtBx4,Dreaming Spanish
2.8100,https://www.youtube.com/watch?v=b2SKfY-NHlU,Dreaming Spanish
2.8657,https://www.youtube.com/watch?v=Tp_EZBYavWE,Dreaming Spanish
2.9337,https://www.youtube.com/watch?v=jcrzmzuOtkU,Dreaming Spanish
2.9467,https://www.youtube.com/watch?v=LDjkk6fWTQ8,Dreaming Spanish
3.0059,https://www.youtube.com/watch?v=agpFZEhZg30,Dreaming Spanish
