Score,Url,Duration,Channel
0.7509,https://www.youtube.com/watch?v=TbOKPDqF4zI,2898.0550,Dreaming Spanish
0.7763,https://www.youtube.com/watch?v=8A0ddUk4Vrg,1922.6010,Dreaming Spanish
0.8358,https://www.youtube.com/watch?v=ev1vx1YUAyA,1273.2960,Dreaming Spanish
0.8381,https://www.youtube.com/watch?v=frXV5Z-rMZ8,763.1230,Dreaming Spanish
0.8606,https://www.youtube.com/watch?v=yHCrQIsHeBo,1811.0310,Dreaming Spanish
0.8695,https://www.youtube.com/watch?v=7j693AMgFHM,1705.4790,Dreaming Spanish
0.8755,https://www.youtube.com/watch?v=eV6kl_NDcZo,1441.4390,Dreaming Spanish
0.8865,https://www.youtube.com/watch?v=uPtNakONP8Q,1693.0860,Dreaming Spanish
0.8882,https://www.youtube.com/watch?v=mL-Js7Qp93M,1449.7320,Dreaming Spanish
0.8919,https://www.youtube.com/watch?v=0rMUfn7BA8Y,1362.9990,Dreaming Spanish
0.9040,https://www.youtube.com/watch?v=iJeXQJLexSM,1463.9960,Dreaming Spanish
0.9123,https://www.youtube.com/watch?v=P5mFVa9TvcU,1682.2790,Dreaming Spanish
0.9149,https://www.youtube.com/watch?v=pX8szhJJIEc,2015.2800,Dreaming Spanish
0.9252,https://www.youtube.com/watch?v=My1BrIKUtJE,1517.3840,Dreaming Spanish
0.9380,https://www.youtube.com/watch?v=y7qEOhbixpQ,931.7380,Dreaming Spanish
0.9389,https://www.youtube.com/watch?v=AdWG63kHRgc,923.2780,Dreaming Spanish
0.9412,https://www.youtube.com/watch?v=ctlvuCr7Oa8,787.2500,Dreaming Spanish
0.9460,https://www.youtube.com/watch?v=1U-Hy0Bf_Ro,1359.4310,Dreaming Spanish
0.9465,https://www.youtube.com/watch?v=A5tdbPq7s5Q,1359.7900,Dreaming Spanish
0.9488,https://www.youtube.com/watch?v=qilkDC2kVAI,1392.7860,Dreaming Spanish
0.9530,https://www.youtube.com/watch?v=4u0unIF5Z1Q,1447.3080,Dreaming Spanish
0.9571,https://www.youtube.com/watch?v=9CbO6itOMZE,1076.1190,Dreaming Spanish
0.9606,https://www.youtube.com/watch?v=IJo4SJhn08w,1076.2410,Dreaming Spanish
0.9687,https://www.youtube.com/watch?v=LWvFDN1UhCs,787.2060,Dreaming Spanish
0.9690,https://www.youtube.com/watch?v=wU6JMRcIA-E,2718.5890,Dreaming Spanish
0.9755,https://www.youtube.com/watch?v=3HnhlzYcEbc,2686.7270,Dreaming Spanish
0.9758,https://www.youtube.com/watch?v=ypbPWdIio9o,5725.8440,Dreaming Spanish
0.9765,https://www.youtube.com/watch?v=PYTZ64EW07I,1013.7430,Dreaming Spanish
0.9775,https://www.youtube.com/watch?v=XX4ZVraXzDY,2794.9730,Dreaming Spanish
0.9838,https://www.youtube.com/watch?v=jqiJz7wSC5k,799.5210,Dreaming Spanish
0.9841,https://www.youtube.com/watch?v=KR7AQ164AfI,1304.3220,Dreaming Spanish
0.9879,https://www.youtube.com/watch?v=qBsAv-NtWko,2235.7570,Dreaming Spanish
0.9907,https://www.youtube.com/watch?v=VfkHRK5-8Lo,1004.2390,Dreaming Spanish
0.9913,https://www.youtube.com/watch?v=luY7GVHg0I8,3053.4910,Dreaming Spanish
0.9925,https://www.youtube.com/watch?v=AJIO2GosNwk,1769.7660,Dreaming Spanish
0.9963,https://www.youtube.com/watch?v=PCpIT_mAzZ8,1528.0650,Dreaming Spanish
1.0060,https://www.youtube.com/watch?v=06yvOASK9A8,1611.6870,Dreaming Spanish
1.0063,https://www.youtube.com/watch?v=TQo9e2goouc,2857.4960,Dreaming Spanish
1.0079,https://www.youtube.com/watch?v=lBDGpTxlaPM,2623.2400,Dreaming Spanish
1.0106,https://www.youtube.com/watch?v=yCOajKxi5nA,1245.6930,Dreaming Spanish
1.0110,https://www.youtube.com/watch?v=zUup-lRefn8,3360.0950,Dreaming Spanish
1.0112,https://www.youtube.com/watch?v=YJ8N3Fpc9wE,3190.0670,Dreaming Spanish
1.0145,https://www.youtube.com/watch?v=WpiSOySkz2g,2217.1080,Dreaming Spanish
1.0154,https://www.youtube.com/watch?v=Ho0zmcUG-80,1028.2820,Dreaming Spanish
1.0157,https://www.youtube.com/watch?v=wl201Cg2JDg,2253.7710,Dreaming Spanish
1.0212,https://www.youtube.com/watch?v=lt-Ee9rZyhM,1321.9890,Dreaming Spanish
1.0224,https://www.youtube.com/watch?v=xFXUVEnKZlc,4118.3770,Dreaming Spanish
1.0320,https://www.youtube.com/watch?v=Zpc_pozneRw,2140.6210,Dreaming Spanish
1.0373,https://www.youtube.com/watch?v=MmV16-obMS4,2003.7730,Dreaming Spanish
1.0386,https://www.youtube.com/watch?v=Do_o9EPCg5I,1772.5590,Dreaming Spanish
1.0392,https://www.youtube.com/watch?v=jSA3S5AJAcs,1288.0940,Dreaming Spanish
1.0402,https://www.youtube.com/watch?v=dqGzSyUe8GY,983.0610,Dreaming Spanish
1.0437,https://www.youtube.com/watch?v=tEJKG6TtdSs,1919.2780,Dreaming Spanish
1.0466,https://www.youtube.com/watch?v=euDaJRwX2Xc,1333.4160,Dreaming Spanish
1.0502,https://www.youtube.com/watch?v=eY3OwHjstqQ,1360.5900,Dreaming Spanish
1.0520,https://www.youtube.com/watch?v=qyKznSXpVR8,1665.8320,Dreaming Spanish
1.0532,https://www.youtube.com/watch?v=aW-p0ERqT7o,2218.7120,Dreaming Spanish
1.0553,https://www.youtube.com/watch?v=dgFmWxtHSyU,3308.6730,Dreaming Spanish
1.0556,https://www.youtube.com/watch?v=5ttnIQaNt0M,1988.2190,Dreaming Spanish
1.0563,https://www.youtube.com/watch?v=PW-4pS4Btds,1142.3090,Dreaming Spanish
1.0598,https://www.youtube.com/watch?v=gFuA_6JdOZQ,645.4900,Dreaming Spanish
1.0628,https://www.youtube.com/watch?v=zIR2eBtkhN0,2337.1090,Dreaming Spanish
1.0633,https://www.youtube.com/watch?v=0kk2H2TxEDY,2567.4970,Dreaming Spanish
1.0669,https://www.youtube.com/watch?v=dB-btbvrRLM,1880.6750,Dreaming Spanish
1.0674,https://www.youtube.com/watch?v=l-ymhdCMTD8,1069.0690,Dreaming Spanish
1.0703,https://www.youtube.com/watch?v=e193zgEqmCU,3167.7100,Dreaming Spanish
1.0746,https://www.youtube.com/watch?v=RBAn4iWCBSE,2715.1070,Dreaming Spanish
1.0783,https://www.youtube.com/watch?v=N9oPGsUsHSY,1182.5520,Dreaming Spanish
1.0846,https://www.youtube.com/watch?v=l9MDL70PKtM,1098.0280,Dreaming Spanish
1.0850,https://www.youtube.com/watch?v=VdWzlAa5vxY,2261.5000,Dreaming Spanish
1.0877,https://www.youtube.com/watch?v=j6FNRpraWwM,970.0710,Dreaming Spanish
1.0890,https://www.youtube.com/watch?v=O6cqtZkLh20,1711.8800,Dreaming Spanish
1.0910,https://www.youtube.com/watch?v=S9wV1zmXXVc,1019.2800,Dreaming Spanish
1.0921,https://www.youtube.com/watch?v=fpq2SW8a8XA,2847.0780,Dreaming Spanish
1.0956,https://www.youtube.com/watch?v=Gh_tOhtLBTc,2886.0650,Dreaming Spanish
1.0969,https://www.youtube.com/watch?v=eHgPwCmoRXI,918.9900,Dreaming Spanish
1.0992,https://www.youtube.com/watch?v=OBZu4T-01Jg,1941.8400,Dreaming Spanish
1.1014,https://www.youtube.com/watch?v=On4Uroj5xCY,2695.5070,Dreaming Spanish
1.1048,https://www.youtube.com/watch?v=IQzfpCYPYX0,1644.3970,Dreaming Spanish
1.1085,https://www.youtube.com/watch?v=v3VCN4z8yDg,1159.1270,Dreaming Spanish
1.1104,https://www.youtube.com/watch?v=jbGhUqTEIlQ,71.8190,CuriosaMente
1.1157,https://www.youtube.com/watch?v=nC2tR9PzBqM,2655.5830,Dreaming Spanish
1.1197,https://www.youtube.com/watch?v=4csjX2eFB0U,1229.9210,Dreaming Spanish
1.1201,https://www.youtube.com/watch?v=gk7QS1zFMdg,4521.8860,Dreaming Spanish
1.1203,https://www.youtube.com/watch?v=KbXqpm_IJG8,2087.6410,Dreaming Spanish
1.1244,https://www.youtube.com/watch?v=lHXVYe-zu6M,1028.5860,Dreaming Spanish
1.1245,https://www.youtube.com/watch?v=j6biCVAm1EM,1678.0150,Dreaming Spanish
1.1254,https://www.youtube.com/watch?v=3xgsEGaTGcQ,1298.2890,Dreaming Spanish
1.1275,https://www.youtube.com/watch?v=wM6cvUcnvTk,2823.8200,Dreaming Spanish
1.1276,https://www.youtube.com/watch?v=HMpWwrkQVqQ,1748.4020,Dreaming Spanish
1.1276,https://www.youtube.com/watch?v=JsC5k-VZIJk,1765.1050,Dreaming Spanish
1.1280,https://www.youtube.com/watch?v=sesfHHvNgPw,2724.1080,Dreaming Spanish
1.1285,https://www.youtube.com/watch?v=Zb8yLOASZtI,4317.1490,Dreaming Spanish
1.1292,https://www.youtube.com/watch?v=SIe9pBOtWkk,2581.8430,Dreaming Spanish
1.1295,https://www.youtube.com/watch?v=Ds3rXBWeU2s,1250.8880,Dreaming Spanish
1.1329,https://www.youtube.com/watch?v=weyBzvE-0ec,1353.0710,Dreaming Spanish
1.1339,https://www.youtube.com/watch?v=BwYb0WiVfEs,2729.3960,Dreaming Spanish
1.1387,https://www.youtube.com/watch?v=ULUlPBcgABY,1938.8810,Dreaming Spanish
1.1391,https://www.youtube.com/watch?v=ExLaVKbi2pg,2045.0180,Dreaming Spanish
1.1400,https://www.youtube.com/watch?v=3Aef1ER6vXU,993.5380,Dreaming Spanish
1.1404,https://www.youtube.com/watch?v=QAVrAh3fFxo,2029.7910,Dreaming Spanish
1.1420,https://www.youtube.com/watch?v=b3gaX0-ZMmk,1108.6040,Dreaming Spanish
1.1434,https://www.youtube.com/watch?v=7FY4J4XOfck,1065.8110,Dreaming Spanish
1.1442,https://www.youtube.com/watch?v=mZYkySWI968,1556.5380,Dreaming Spanish
1.1445,https://www.youtube.com/watch?v=uezdUmrAxzw,1162.6910,Dreaming Spanish
1.1452,https://www.youtube.com/watch?v=ZJLGF13GhCw,1894.5830,Dreaming Spanish
1.1463,https://www.youtube.com/watch?v=DQg8uZRSgJ0,1727.6660,Dreaming Spanish
1.1473,https://www.youtube.com/watch?v=Y8pSVHVBJf8,1525.1010,Dreaming Spanish
1.1474,https://www.youtube.com/watch?v=1wFfvpxq21Y,1885.3590,Dreaming Spanish
1.1481,https://www.youtube.com/watch?v=-hD9Z3T10XQ,2796.5200,Dreaming Spanish
1.1489,https://www.youtube.com/watch?v=eZYbz1K-grU,1694.2430,Dreaming Spanish
1.1506,https://www.youtube.com/watch?v=z1znEKCEWdM,1469.7370,Dreaming Spanish
1.1511,https://www.youtube.com/watch?v=Ia0XJaF88f4,2181.0340,Dreaming Spanish
1.1516,https://www.youtube.com/watch?v=o6lGPH_AIhE,980.3900,Dreaming Spanish
1.1520,https://www.youtube.com/watch?v=62GyVAK5jIY,960.5090,Dreaming Spanish
1.1550,https://www.youtube.com/watch?v=epELAYk5CoA,1626.3960,Dreaming Spanish
1.1557,https://www.youtube.com/watch?v=o3-ZqAC3A7E,846.1200,Dreaming Spanish
1.1584,https://www.youtube.com/watch?v=gyUQXGp-epE,1673.8690,Dreaming Spanish
1.1593,https://www.youtube.com/watch?v=z_4eRACVbII,1289.0600,Dreaming Spanish
1.1603,https://www.youtube.com/watch?v=tq7jqOM5vhM,2083.8480,Dreaming Spanish
1.1620,https://www.youtube.com/watch?v=NNwIcU2a2sE,2911.7760,Dreaming Spanish
1.1653,https://www.youtube.com/watch?v=IVk0f2gQBz8,1190.9400,Dreaming Spanish
1.1687,https://www.youtube.com/watch?v=8AzrdS5LguY,1634.2680,Dreaming Spanish
1.1687,https://www.youtube.com/watch?v=zlqBocgmnTE,761.4220,Dreaming Spanish
1.1693,https://www.youtube.com/watch?v=0KbehcuArzs,1466.2160,Dreaming Spanish
1.1712,https://www.youtube.com/watch?v=9OLcKaTtI_s,6016.0500,Dreaming Spanish
1.1738,https://www.youtube.com/watch?v=kr2kcj6vKZ8,1856.5070,Dreaming Spanish
1.1753,https://www.youtube.com/watch?v=eLUxefMdi9E,1709.9770,Dreaming Spanish
1.1763,https://www.youtube.com/watch?v=mALTWDUenkk,3529.6770,Dreaming Spanish
1.1772,https://www.youtube.com/watch?v=3oCC4NDgYrY,617.0170,CuriosaMente
1.1776,https://www.youtube.com/watch?v=mdCjYmheboA,1285.7450,Dreaming Spanish
1.1781,https://www.youtube.com/watch?v=WxOgY9Q1xvo,1112.1110,Dreaming Spanish
1.1795,https://www.youtube.com/watch?v=-wlmXromagw,936.0690,Dreaming Spanish
1.1800,https://www.youtube.com/watch?v=wC5737uXlGE,1493.5480,Dreaming Spanish
1.1831,https://www.youtube.com/watch?v=5Y0ChbKD3eo,4358.4850,Dreaming Spanish
1.1831,https://www.youtube.com/watch?v=JEokemb570w,3463.7690,Dreaming Spanish
1.1832,https://www.youtube.com/watch?v=XIlea_yCb0E,1395.0200,Dreaming Spanish
1.1838,https://www.youtube.com/watch?v=OheGJ2geFnA,1194.6980,Dreaming Spanish
1.1851,https://www.youtube.com/watch?v=p-ye5heJBGk,761.6790,Dreaming Spanish
1.1883,https://www.youtube.com/watch?v=i0BMoHbEy0c,4387.5270,Dreaming Spanish
1.1909,https://www.youtube.com/watch?v=4jWV0LyPqs4,3640.8030,Dreaming Spanish
1.1913,https://www.youtube.com/watch?v=tTHKLPfjzbY,2278.9010,Dreaming Spanish
1.1920,https://www.youtube.com/watch?v=5CItOfgftGk,1086.1870,Dreaming Spanish
1.1953,https://www.youtube.com/watch?v=nZzQD7RWw_s,99.2600,CuriosaMente
1.1968,https://www.youtube.com/watch?v=GbDkWTx4mTg,1186.2510,Dreaming Spanish
1.1969,https://www.youtube.com/watch?v=xz1WIT37_G0,1532.7790,Dreaming Spanish
1.1991,https://www.youtube.com/watch?v=3t397Cmx9uM,1351.5910,Dreaming Spanish
1.1999,https://www.youtube.com/watch?v=uP2IOKBkANg,4173.1790,Dreaming Spanish
1.2005,https://www.youtube.com/watch?v=1b3EEcA1BXA,728.7690,Dreaming Spanish
1.2018,https://www.youtube.com/watch?v=_ZSr3O6vT4Y,4901.0620,Dreaming Spanish
1.2019,https://www.youtube.com/watch?v=TTTu763Gt5k,1090.4600,Dreaming Spanish
1.2028,https://www.youtube.com/watch?v=wg_-UzZwaa4,282.2540,CuriosaMente
1.2044,https://www.youtube.com/watch?v=p9xJ8Hnu0xA,1494.5030,Dreaming Spanish
1.2046,https://www.youtube.com/watch?v=HHwrC3vy7jg,1711.1790,CuriosaMente
1.2099,https://www.youtube.com/watch?v=uFi54MHKW18,1929.8860,Dreaming Spanish
1.2105,https://www.youtube.com/watch?v=mZgLSBE0Tnw,724.2760,Dreaming Spanish
1.2117,https://www.youtube.com/watch?v=zVz4XkSUK88,916.4300,Dreaming Spanish
1.2146,https://www.youtube.com/watch?v=IShkpOm63gg,441.7270,CuriosaMente
1.2154,https://www.youtube.com/watch?v=ZFaNwLWGhHE,2601.8940,Dreaming Spanish
1.2168,https://www.youtube.com/watch?v=uZD0sE0B_tQ,1427.0770,Dreaming Spanish
1.2196,https://www.youtube.com/watch?v=ZVu8Is-reXs,4176.6850,Dreaming Spanish
1.2207,https://www.youtube.com/watch?v=au0gpbZvpQ8,1692.6830,Dreaming Spanish
1.2243,https://www.youtube.com/watch?v=hLzCTZHCndY,2345.0160,Dreaming Spanish
1.2249,https://www.youtube.com/watch?v=g-0Ux73ZHl0,2796.3410,Dreaming Spanish
1.2254,https://www.youtube.com/watch?v=fFlcTdD5C44,945.0700,Dreaming Spanish
1.2260,https://www.youtube.com/watch?v=jWEiArhADXg,1870.9600,Dreaming Spanish
1.2261,https://www.youtube.com/watch?v=bkOjU044U-g,75.7300,CuriosaMente
1.2262,https://www.youtube.com/watch?v=Sfqgw_uQ82U,1336.6090,Dreaming Spanish
1.2266,https://www.youtube.com/watch?v=0CYwu9TXD6o,1297.4100,Dreaming Spanish
1.2283,https://www.youtube.com/watch?v=TwyhoY2WuAs,3072.5910,Dreaming Spanish
1.2296,https://www.youtube.com/watch?v=5RWFvzhId7U,3412.3070,Dreaming Spanish
1.2324,https://www.youtube.com/watch?v=do5_0g7_6fU,11000.5140,CuriosaMente
1.2328,https://www.youtube.com/watch?v=n2pSXX9Px18,962.7720,Dreaming Spanish
1.2329,https://www.youtube.com/watch?v=BDVcjxWUuEU,1338.0980,Dreaming Spanish
1.2374,https://www.youtube.com/watch?v=kRIaUXXipVU,3464.0010,Dreaming Spanish
1.2374,https://www.youtube.com/watch?v=VF6edB_8ZXM,2319.4430,Dreaming Spanish
1.2394,https://www.youtube.com/watch?v=orDrE7EzYLA,76.9710,CuriosaMente
1.2399,https://www.youtube.com/watch?v=ZonX65CDRQI,1145.3610,Dreaming Spanish
1.2429,https://www.youtube.com/watch?v=V0TMufK45Xc,2769.8600,Dreaming Spanish
1.2474,https://www.youtube.com/watch?v=fekwxJNRM5s,3553.7890,Dreaming Spanish
1.2486,https://www.youtube.com/watch?v=mfcTzZi7si0,2346.9280,Dreaming Spanish
1.2496,https://www.youtube.com/watch?v=R7vKAAUZjZo,1519.3560,Dreaming Spanish
1.2504,https://www.youtube.com/watch?v=XQKlNl__R4g,4319.6650,Dreaming Spanish
1.2516,https://www.youtube.com/watch?v=JbAvhtyWLgU,2178.1980,Dreaming Spanish
1.2543,https://www.youtube.com/watch?v=9DzjOoIq0pQ,639.5580,Dreaming Spanish
1.2553,https://www.youtube.com/watch?v=mSjblmOt7wE,1297.4180,Dreaming Spanish
1.2555,https://www.youtube.com/watch?v=16n79bxBn-Y,3400.5540,Dreaming Spanish
1.2610,https://www.youtube.com/watch?v=Fr4thkQJh-M,1923.7770,Dreaming Spanish
1.2611,https://www.youtube.com/watch?v=yGzpk3ttMoA,2479.2260,Dreaming Spanish
1.2650,https://www.youtube.com/watch?v=lghYIsAzK2g,80.7100,CuriosaMente
1.2661,https://www.youtube.com/watch?v=81Bp9eIGcsM,2639.6730,Dreaming Spanish
1.2672,https://www.youtube.com/watch?v=xh-tf99PQyk,861.3610,Dreaming Spanish
1.2677,https://www.youtube.com/watch?v=FsO2HgCfYuA,1199.6580,Dreaming Spanish
1.2690,https://www.youtube.com/watch?v=XzLxoRS62DI,719.2810,Dreaming Spanish
1.2709,https://www.youtube.com/watch?v=iqA9twRH5c0,1958.2050,CuriosaMente
1.2729,https://www.youtube.com/watch?v=zmh1IsoVVUk,1000.0180,Dreaming Spanish
1.2730,https://www.youtube.com/watch?v=cm0k8m1cylM,1496.8610,Dreaming Spanish
1.2732,https://www.youtube.com/watch?v=pYHQfAczO2E,2861.2090,Dreaming Spanish
1.2792,https://www.youtube.com/watch?v=065i04qBPuQ,1587.1370,Dreaming Spanish
1.2821,https://www.youtube.com/watch?v=Ag13d1A7xtc,1566.8640,Dreaming Spanish
1.2844,https://www.youtube.com/watch?v=qaXTMcR3c_0,2176.4720,Dreaming Spanish
1.2850,https://www.youtube.com/watch?v=Sb5ZFVf97J4,2164.8450,Dreaming Spanish
1.2873,https://www.youtube.com/watch?v=KPUC2s5CHsI,1630.0790,Dreaming Spanish
1.2873,https://www.youtube.com/watch?v=45ag_L5mKaM,7793.6810,CuriosaMente
1.2900,https://www.youtube.com/watch?v=TdTRcUJjzXg,1856.0020,Dreaming Spanish
1.2922,https://www.youtube.com/watch?v=20cZLUyKGR4,1691.1280,CuriosaMente
1.3035,https://www.youtube.com/watch?v=eHlIytSjbck,1370.7790,Dreaming Spanish
1.3066,https://www.youtube.com/watch?v=bON3AOUqNb8,2618.2180,Dreaming Spanish
1.3084,https://www.youtube.com/watch?v=isRj_EHrtQg,716.9290,Dreaming Spanish
1.3116,https://www.youtube.com/watch?v=LpmOKl1vba4,1315.0170,Dreaming Spanish
1.3131,https://www.youtube.com/watch?v=aOxb9tQrZ0Q,1284.8640,Dreaming Spanish
1.3138,https://www.youtube.com/watch?v=NuJKdXaWCPM,1646.3560,Dreaming Spanish
1.3140,https://www.youtube.com/watch?v=TQEmle8fx6Q,1744.6990,Dreaming Spanish
1.3146,https://www.youtube.com/watch?v=nr92bacH81M,1437.6690,Dreaming Spanish
1.3148,https://www.youtube.com/watch?v=lFfyXd42n58,1271.2900,CuriosaMente
1.3164,https://www.youtube.com/watch?v=jvbiARc1dyA,1452.8620,Dreaming Spanish
1.3169,https://www.youtube.com/watch?v=dkM96KExSYk,1709.8470,Dreaming Spanish
1.3207,https://www.youtube.com/watch?v=8021uteZbxQ,2081.0960,Dreaming Spanish
1.3210,https://www.youtube.com/watch?v=HKLdDKRWrRI,1288.1530,Dreaming Spanish
1.3217,https://www.youtube.com/watch?v=KkVss-5sZTk,1210.4480,CuriosaMente
1.3257,https://www.youtube.com/watch?v=Asad-YYh7e4,614.3770,Dreaming Spanish
1.3291,https://www.youtube.com/watch?v=ZudBT5v0wLM,113.1980,CuriosaMente
1.3329,https://www.youtube.com/watch?v=ie_loruE4Dg,1917.9380,CuriosaMente
1.3355,https://www.youtube.com/watch?v=Nn6RljRvf6M,3178.8220,Dreaming Spanish
1.3388,https://www.youtube.com/watch?v=ah3GH6fDq3E,1893.3000,Dreaming Spanish
1.3445,https://www.youtube.com/watch?v=8G_ZqC9bSv8,1183.8920,CuriosaMente
1.3475,https://www.youtube.com/watch?v=kc_rG7L9F04,534.0800,Dreaming Spanish
1.3477,https://www.youtube.com/watch?v=1wg6kea-l8k,2212.1570,Dreaming Spanish
1.3484,https://www.youtube.com/watch?v=zmyxX7WGvME,1712.6570,Dreaming Spanish
1.3486,https://www.youtube.com/watch?v=B_72zP45kfM,9361.6040,CuriosaMente
1.3493,https://www.youtube.com/watch?v=Yte85PUWLaw,1366.3390,Dreaming Spanish
1.3507,https://www.youtube.com/watch?v=cqOaUCq1cgE,2667.5570,Dreaming Spanish
1.3515,https://www.youtube.com/watch?v=vMxTfMvdIsc,287.0550,Dreaming Spanish
1.3529,https://www.youtube.com/watch?v=m76pPjvUkB8,1270.7820,Dreaming Spanish
1.3572,https://www.youtube.com/watch?v=WxJGhLUZnCM,6521.5780,CuriosaMente
1.3575,https://www.youtube.com/watch?v=ArGfPASd6sY,1247.5090,CuriosaMente
1.3580,https://www.youtube.com/watch?v=V93X8R99WjI,2654.3500,CuriosaMente
1.3611,https://www.youtube.com/watch?v=kVelBqIG4yM,494.6080,Dreaming Spanish
1.3624,https://www.youtube.com/watch?v=D2XkfcHl2tE,8344.0530,CuriosaMente
1.3626,https://www.youtube.com/watch?v=UsQZ6AoBdOc,3567.8870,CuriosaMente
1.3643,https://www.youtube.com/watch?v=Y7If69vfBPg,90.0090,CuriosaMente
1.3679,https://www.youtube.com/watch?v=ZF8KJsDL_jE,1732.0840,Dreaming Spanish
1.3758,https://www.youtube.com/watch?v=rU3zoyf3CnQ,2276.4980,Dreaming Spanish
1.3813,https://www.youtube.com/watch?v=jIUeHVLPZd0,2673.3850,Dreaming Spanish
1.3815,https://www.youtube.com/watch?v=DFIoTqo2TY8,933.2410,CuriosaMente
1.3917,https://www.youtube.com/watch?v=tx73qdbUk7s,1564.5570,Dreaming Spanish
1.3922,https://www.youtube.com/watch?v=zg2uiOosmWI,7571.5900,CuriosaMente
1.3940,https://www.youtube.com/watch?v=XtGKTkHLDIc,5347.7610,Dreaming Spanish
1.3967,https://www.youtube.com/watch?v=4F_f_zWF2uk,1329.5360,Dreaming Spanish
1.3973,https://www.youtube.com/watch?v=gfxe-q_H_0E,895.6610,Dreaming Spanish
1.3989,https://www.youtube.com/watch?v=G-t5QxmGSL8,13061.3450,CuriosaMente
1.4044,https://www.youtube.com/watch?v=UaBWYrSTuAk,4264.7080,CuriosaMente
1.4077,https://www.youtube.com/watch?v=3Ak5LjvNIME,1858.5110,CuriosaMente
1.4079,https://www.youtube.com/watch?v=647lhVdMJfA,1468.9200,CuriosaMente
1.4094,https://www.youtube.com/watch?v=u5kE0vzuCoA,1510.5780,CuriosaMente
1.4137,https://www.youtube.com/watch?v=daq_s9tD3II,7119.9900,CuriosaMente
1.4145,https://www.youtube.com/watch?v=E0NtrbLR1yk,7905.6240,CuriosaMente
1.4169,https://www.youtube.com/watch?v=O7KWDbeE830,514.9790,Dreaming Spanish
1.4185,https://www.youtube.com/watch?v=-MCFEcD7khs,1914.2700,Dreaming Spanish
1.4190,https://www.youtube.com/watch?v=WJkbp9kE6TA,1652.1690,CuriosaMente
1.4234,https://www.youtube.com/watch?v=2nEjU8ueiEk,8811.3330,CuriosaMente
1.4281,https://www.youtube.com/watch?v=XA1oig9rPOE,7665.8160,CuriosaMente
1.4331,https://www.youtube.com/watch?v=aZD_bE9sCfE,1635.7620,CuriosaMente
1.4390,https://www.youtube.com/watch?v=9B3cIikZYec,8628.5450,CuriosaMente
1.4411,https://www.youtube.com/watch?v=Y22J5mh-vqc,1289.2590,CuriosaMente
1.4516,https://www.youtube.com/watch?v=paiawWVCxRk,2946.2740,Dreaming Spanish
1.4538,https://www.youtube.com/watch?v=eWskCwh-vy0,3538.5610,Dreaming Spanish
1.4628,https://www.youtube.com/watch?v=db5Yz8I_26g,7421.4230,CuriosaMente
1.4633,https://www.youtube.com/watch?v=Wm9WYbvVxaI,1438.9780,CuriosaMente
1.4646,https://www.youtube.com/watch?v=sXkumG2CMN0,949.1300,CuriosaMente
1.4656,https://www.youtube.com/watch?v=ZLAoKBVglU8,1412.8790,CuriosaMente
1.4659,https://www.youtube.com/watch?v=LzlpE4C84jk,1241.8810,CuriosaMente
1.4670,https://www.youtube.com/watch?v=3QqLz2RN0F0,6582.1290,CuriosaMente
1.4690,https://www.youtube.com/watch?v=hKX8uYgw-_U,891.8680,CuriosaMente
1.4706,https://www.youtube.com/watch?v=etf4W6rWV9s,7466.9610,CuriosaMente
1.4721,https://www.youtube.com/watch?v=CtmM5i3K6Mg,921.1480,CuriosaMente
1.4743,https://www.youtube.com/watch?v=5lB7b-XELqA,1113.2580,CuriosaMente
1.4746,https://www.youtube.com/watch?v=Y6BTAzVnf74,6739.0620,CuriosaMente
1.4785,https://www.youtube.com/watch?v=XP-7D5P-Hfo,1455.8420,Dreaming Spanish
1.4803,https://www.youtube.com/watch?v=1qARSFf6DhE,896.0110,CuriosaMente
1.4858,https://www.youtube.com/watch?v=wkkORjpAriY,1452.2330,CuriosaMente
1.4871,https://www.youtube.com/watch?v=aHFVRgsfC6c,1378.3790,Dreaming Spanish
1.4876,https://www.youtube.com/watch?v=bUZkJikdqb4,756.5190,CuriosaMente
1.4880,https://www.youtube.com/watch?v=EtpBriFADEs,1461.9390,CuriosaMente
1.4908,https://www.youtube.com/watch?v=kTDmPL9RfxE,798.3480,CuriosaMente
1.4909,https://www.youtube.com/watch?v=UJrmU3sLLo0,1314.9170,CuriosaMente
1.4919,https://www.youtube.com/watch?v=_xqimkF3Aio,773.7600,CuriosaMente
1.4921,https://www.youtube.com/watch?v=E-S85sSMTC8,7338.6750,CuriosaMente
1.4937,https://www.youtube.com/watch?v=jHKyFgM8umM,7280.3060,CuriosaMente
1.4950,https://www.youtube.com/watch?v=h9mr0_sgng4,1265.0010,CuriosaMente
1.4975,https://www.youtube.com/watch?v=weIBPwFuYwA,848.5280,CuriosaMente
1.4985,https://www.youtube.com/watch?v=lYIKYKfOz7E,1341.2410,CuriosaMente
1.5002,https://www.youtube.com/watch?v=7O3mcz_zmBY,942.6210,Dreaming Spanish
1.5007,https://www.youtube.com/watch?v=STTySxTMyDU,1412.3300,CuriosaMente
1.5016,https://www.youtube.com/watch?v=mtkryJtFhKs,1314.9300,CuriosaMente
1.5017,https://www.youtube.com/watch?v=ftwRLK6XY04,1207.0390,CuriosaMente
1.5018,https://www.youtube.com/watch?v=ElWlbTUBrNg,955.6900,CuriosaMente
1.5021,https://www.youtube.com/watch?v=B0Rc7lL6QUg,1304.3380,CuriosaMente
1.5037,https://www.youtube.com/watch?v=UnoMn4vW37E,371.2300,CuriosaMente
1.5056,https://www.youtube.com/watch?v=aXPk_8Bj_8M,935.7580,CuriosaMente
1.5068,https://www.youtube.com/watch?v=qYxeSGMw7t0,876.8930,CuriosaMente
1.5087,https://www.youtube.com/watch?v=9PQ-2EkIBlI,1385.1790,CuriosaMente
1.5092,https://www.youtube.com/watch?v=3Q1DIHK2AIw,1222.8610,CuriosaMente
1.5098,https://www.youtube.com/watch?v=HhZ2grIjz7g,155.6800,CuriosaMente
1.5099,https://www.youtube.com/watch?v=uLkIUJ-uWv0,6952.6250,CuriosaMente
1.5106,https://www.youtube.com/watch?v=mGgnhpZ8d5g,1011.3780,CuriosaMente
1.5110,https://www.youtube.com/watch?v=L9U9nMhQHfk,246.7290,CuriosaMente
1.5115,https://www.youtube.com/watch?v=RndKOKedrt4,1105.4300,CuriosaMente
1.5116,https://www.youtube.com/watch?v=V8DrWtui4t8,1443.4810,CuriosaMente
1.5121,https://www.youtube.com/watch?v=9jqYw4uyuHs,822.7180,CuriosaMente
1.5123,https://www.youtube.com/watch?v=sEQON0sVBrk,625.7400,CuriosaMente
1.5136,https://www.youtube.com/watch?v=-Sblof7yFxg,810.9600,CuriosaMente
1.5149,https://www.youtube.com/watch?v=To9vJD9HLCY,1205.2110,CuriosaMente
1.5154,https://www.youtube.com/watch?v=pku_RoVtX10,1032.9410,CuriosaMente
1.5154,https://www.youtube.com/watch?v=RDrTtZwQ0k4,824.8700,CuriosaMente
1.5157,https://www.youtube.com/watch?v=iMxabjgE-iY,1345.9720,Dreaming Spanish
1.5162,https://www.youtube.com/watch?v=C0giGMpt3aQ,1216.4540,CuriosaMente
1.5165,https://www.youtube.com/watch?v=DZvyzSu_2bc,6796.6230,CuriosaMente
1.5175,https://www.youtube.com/watch?v=su7KrrYVkSo,586.8380,CuriosaMente
1.5177,https://www.youtube.com/watch?v=6rTRYrY4SeI,1022.4390,CuriosaMente
1.5178,https://www.youtube.com/watch?v=axSh_Gl5GVo,921.1400,CuriosaMente
1.5198,https://www.youtube.com/watch?v=S6Zxmc1sQnA,972.3210,CuriosaMente
1.5211,https://www.youtube.com/watch?v=vXcCB1SzV7Q,833.7680,CuriosaMente
1.5215,https://www.youtube.com/watch?v=mnxR2FYb06o,1523.6980,CuriosaMente
1.5215,https://www.youtube.com/watch?v=hL1VUOOGWFw,1263.5610,CuriosaMente
1.5245,https://www.youtube.com/watch?v=quUEJQphVeM,769.6410,CuriosaMente
1.5248,https://www.youtube.com/watch?v=EsLqlgVq4OE,765.1000,CuriosaMente
1.5254,https://www.youtube.com/watch?v=i-htv81L04g,978.3200,CuriosaMente
1.5258,https://www.youtube.com/watch?v=vOX-Tj6iIaA,581.3970,CuriosaMente
1.5267,https://www.youtube.com/watch?v=RLUs-526EFo,1015.3600,CuriosaMente
1.5273,https://www.youtube.com/watch?v=A09xU0w_N6E,758.6690,CuriosaMente
1.5297,https://www.youtube.com/watch?v=LAN95iIsuo0,984.6770,CuriosaMente
1.5298,https://www.youtube.com/watch?v=mj4mgjAPNto,1032.8000,CuriosaMente
1.5302,https://www.youtube.com/watch?v=zk8-7Hj6n34,1138.1180,CuriosaMente
1.5303,https://www.youtube.com/watch?v=MGqH4Pcsoj8,859.6090,CuriosaMente
1.5306,https://www.youtube.com/watch?v=gaSr2jUOFKc,817.5600,CuriosaMente
1.5321,https://www.youtube.com/watch?v=srmiSiJHCxQ,820.2000,CuriosaMente
1.5323,https://www.youtube.com/watch?v=8DF164WdD7I,964.2800,CuriosaMente
1.5330,https://www.youtube.com/watch?v=a7WidSUQsYk,1039.9380,CuriosaMente
1.5332,https://www.youtube.com/watch?v=0k5DT0efiNQ,1400.4790,CuriosaMente
1.5334,https://www.youtube.com/watch?v=qcB8pyjeBVQ,1175.8380,CuriosaMente
1.5338,https://www.youtube.com/watch?v=isVrO-v-j2Q,999.2310,CuriosaMente
1.5346,https://www.youtube.com/watch?v=MMKk7q4Nlno,928.2280,CuriosaMente
1.5353,https://www.youtube.com/watch?v=aZLqepXFmng,109.3300,CuriosaMente
1.5354,https://www.youtube.com/watch?v=xrmJjzKCy8U,1379.5300,CuriosaMente
1.5360,https://www.youtube.com/watch?v=mtaK8J0rpEg,1035.3580,CuriosaMente
1.5375,https://www.youtube.com/watch?v=M1B9KOZk8Xg,937.6700,CuriosaMente
1.5378,https://www.youtube.com/watch?v=lPCeW5C5SZY,868.1400,CuriosaMente
1.5379,https://www.youtube.com/watch?v=_YX58-FoS64,1245.9010,CuriosaMente
1.5383,https://www.youtube.com/watch?v=pDcKBx1L0E4,952.7790,CuriosaMente
1.5410,https://www.youtube.com/watch?v=KxHg_LCMOXA,1365.8410,CuriosaMente
1.5416,https://www.youtube.com/watch?v=4gDqXLguiBw,1204.0100,CuriosaMente
1.5417,https://www.youtube.com/watch?v=MUCQoaBurRQ,1020.2970,CuriosaMente
1.5425,https://www.youtube.com/watch?v=eXWPB1l6pUk,1173.3880,CuriosaMente
1.5427,https://www.youtube.com/watch?v=_RQWBOsJYTk,1409.8780,CuriosaMente
1.5430,https://www.youtube.com/watch?v=XdXtDRrmlJA,819.5000,CuriosaMente
1.5430,https://www.youtube.com/watch?v=KhSnRb4xL30,6638.4850,CuriosaMente
1.5433,https://www.youtube.com/watch?v=8b2LJBRH-Rk,1057.7280,CuriosaMente
1.5440,https://www.youtube.com/watch?v=NMjWyyB3mpA,498.3600,CuriosaMente
1.5455,https://www.youtube.com/watch?v=hM6DYAf6kl0,623.7500,CuriosaMente
1.5455,https://www.youtube.com/watch?v=Lm0rMfd9r_4,1010.1590,CuriosaMente
1.5456,https://www.youtube.com/watch?v=t1HgPmdS8Vw,1161.1000,CuriosaMente
1.5460,https://www.youtube.com/watch?v=QvdEulHTKr8,1182.5970,CuriosaMente
1.5462,https://www.youtube.com/watch?v=kIx07_jugJA,1543.3920,CuriosaMente
1.5479,https://www.youtube.com/watch?v=aqBnqFSvy7s,981.8500,CuriosaMente
1.5480,https://www.youtube.com/watch?v=Gx2H9AbxmZ0,1482.8410,CuriosaMente
1.5482,https://www.youtube.com/watch?v=SBYJbnUCTQE,1032.4580,CuriosaMente
1.5485,https://www.youtube.com/watch?v=-_8JNhuN1To,1018.6800,CuriosaMente
1.5490,https://www.youtube.com/watch?v=zQMEUJLVWY0,1055.9680,CuriosaMente
1.5491,https://www.youtube.com/watch?v=6ZQSMXPJsgU,1365.0280,CuriosaMente
1.5511,https://www.youtube.com/watch?v=jPL6gZZnw04,1013.2460,CuriosaMente
1.5518,https://www.youtube.com/watch?v=PNx1teeYwso,803.3980,CuriosaMente
1.5522,https://www.youtube.com/watch?v=tdD4LOuLKWA,1004.5510,CuriosaMente
1.5524,https://www.youtube.com/watch?v=fl_uw3VRKc8,1350.4010,CuriosaMente
1.5533,https://www.youtube.com/watch?v=9p6WmmZNi6U,1672.8400,Dreaming Spanish
1.5541,https://www.youtube.com/watch?v=XoF9s5ODsHI,1287.4790,CuriosaMente
1.5546,https://www.youtube.com/watch?v=kowrqhxMQ04,1100.0300,CuriosaMente
1.5554,https://www.youtube.com/watch?v=7dUxW_ovo78,1605.3610,CuriosaMente
1.5555,https://www.youtube.com/watch?v=ljSdrYmdF44,1168.0900,CuriosaMente
1.5558,https://www.youtube.com/watch?v=2v6ipqgFk6s,1234.6170,CuriosaMente
1.5560,https://www.youtube.com/watch?v=e5EyJu4lbfA,1287.6000,CuriosaMente
1.5583,https://www.youtube.com/watch?v=XGEVOGd23-s,1446.9480,CuriosaMente
1.5586,https://www.youtube.com/watch?v=eoYeKJNxvHE,706.0310,CuriosaMente
1.5597,https://www.youtube.com/watch?v=40BZqF1Qj6E,1269.8500,CuriosaMente
1.5603,https://www.youtube.com/watch?v=6lA6VngZfMI,922.0290,CuriosaMente
1.5604,https://www.youtube.com/watch?v=jDd15pIuiMc,120.4210,CuriosaMente
1.5604,https://www.youtube.com/watch?v=lBVhLcfoahw,1112.2010,CuriosaMente
1.5607,https://www.youtube.com/watch?v=MGpOD95TSl0,1178.5100,CuriosaMente
1.5612,https://www.youtube.com/watch?v=v0uaGnCJTu4,744.2400,CuriosaMente
1.5613,https://www.youtube.com/watch?v=RfkjRHSOqnc,963.6760,CuriosaMente
1.5614,https://www.youtube.com/watch?v=CquBGLZTTfo,896.1190,CuriosaMente
1.5627,https://www.youtube.com/watch?v=90mcwLTJ8sU,750.0880,CuriosaMente
1.5643,https://www.youtube.com/watch?v=OD7MOS5DZXE,1079.5800,CuriosaMente
1.5646,https://www.youtube.com/watch?v=rXulKFhyf1E,605.7590,CuriosaMente
1.5649,https://www.youtube.com/watch?v=CgkGOHyrnhI,862.8000,CuriosaMente
1.5657,https://www.youtube.com/watch?v=jzYXFcDcmFg,983.1910,CuriosaMente
1.5658,https://www.youtube.com/watch?v=DgFdq5kT95M,1347.6080,CuriosaMente
1.5665,https://www.youtube.com/watch?v=SuAVFm1NzGk,1043.6200,CuriosaMente
1.5665,https://www.youtube.com/watch?v=8B2BSUQ8UUU,1339.7210,CuriosaMente
1.5666,https://www.youtube.com/watch?v=_795JpL0nMo,1163.8980,Dreaming Spanish
1.5670,https://www.youtube.com/watch?v=1cZxEAKwMyY,1055.1600,CuriosaMente
1.5672,https://www.youtube.com/watch?v=m1PCXbPGcgg,1199.3970,CuriosaMente
1.5678,https://www.youtube.com/watch?v=INRzFKTzmZs,1185.0580,CuriosaMente
1.5696,https://www.youtube.com/watch?v=e_tTVe0B9ng,590.5680,CuriosaMente
1.5705,https://www.youtube.com/watch?v=cI1Mn-jyp0k,1514.3610,CuriosaMente
1.5706,https://www.youtube.com/watch?v=QRhHdX3Bz88,295.1070,CuriosaMente
1.5713,https://www.youtube.com/watch?v=zsHlHyyrUA4,1182.8780,CuriosaMente
1.5713,https://www.youtube.com/watch?v=UqxU00qRwIQ,1451.3210,CuriosaMente
1.5715,https://www.youtube.com/watch?v=CoAW_gO2Om0,744.4280,CuriosaMente
1.5721,https://www.youtube.com/watch?v=ksF4eJQXD70,1100.6790,CuriosaMente
1.5751,https://www.youtube.com/watch?v=MyybIRPX010,1338.6170,CuriosaMente
1.5751,https://www.youtube.com/watch?v=W26KvUIZw8k,1404.4180,CuriosaMente
1.5752,https://www.youtube.com/watch?v=f-c8vr49pD8,938.7300,CuriosaMente
1.5754,https://www.youtube.com/watch?v=lZ1Wp1BSa5I,1117.6020,CuriosaMente
1.5763,https://www.youtube.com/watch?v=6oG92Fl4AhI,803.2000,CuriosaMente
1.5764,https://www.youtube.com/watch?v=XimgrCB5qcQ,1110.6200,CuriosaMente
1.5772,https://www.youtube.com/watch?v=YFq9hFJb6as,1438.9970,CuriosaMente
1.5774,https://www.youtube.com/watch?v=3OqdRMzdqRE,1094.9980,CuriosaMente
1.5776,https://www.youtube.com/watch?v=1WDvvQPmFek,1193.1190,CuriosaMente
1.5778,https://www.youtube.com/watch?v=dHZGi4YTu8Y,896.0100,CuriosaMente
1.5780,https://www.youtube.com/watch?v=kvaajLbSI8A,913.5990,CuriosaMente
1.5797,https://www.youtube.com/watch?v=023SZ0lM5WI,1853.8780,CuriosaMente
1.5806,https://www.youtube.com/watch?v=DNQsGz5_R04,806.4380,CuriosaMente
1.5843,https://www.youtube.com/watch?v=NGy-0PFfJ88,933.1800,CuriosaMente
1.5847,https://www.youtube.com/watch?v=_peHYwe_784,727.7190,CuriosaMente
1.5849,https://www.youtube.com/watch?v=B3Z6wI2Ds7A,575.8830,CuriosaMente
1.5849,https://www.youtube.com/watch?v=pSmNtq90ajQ,913.2080,CuriosaMente
1.5858,https://www.youtube.com/watch?v=VcqgCkAnRhA,994.5790,CuriosaMente
1.5859,https://www.youtube.com/watch?v=BqKfngAceRE,932.7400,CuriosaMente
1.5863,https://www.youtube.com/watch?v=OdRksasItR4,1485.0430,CuriosaMente
1.5870,https://www.youtube.com/watch?v=grIVETx7l5s,1274.3630,CuriosaMente
1.5874,https://www.youtube.com/watch?v=GLJvW4yOUGY,1093.5630,CuriosaMente
1.5892,https://www.youtube.com/watch?v=HwSz2MGZUoo,1111.3410,CuriosaMente
1.5894,https://www.youtube.com/watch?v=-c4UuYOwIPI,1059.2600,CuriosaMente
1.5895,https://www.youtube.com/watch?v=julb3EJ3I1k,926.0000,CuriosaMente
1.5897,https://www.youtube.com/watch?v=yKGWra6ANZQ,1383.2010,CuriosaMente
1.5901,https://www.youtube.com/watch?v=JmOrV6jAxuU,1068.8900,CuriosaMente
1.5910,https://www.youtube.com/watch?v=BiW4I_jy0DQ,1428.2380,CuriosaMente
1.5911,https://www.youtube.com/watch?v=JGI0nWTK1zE,1396.2790,CuriosaMente
1.5914,https://www.youtube.com/watch?v=0MVVmArfcPE,1201.8390,CuriosaMente
1.5924,https://www.youtube.com/watch?v=5lZgCwNX_6Y,900.2600,CuriosaMente
1.5925,https://www.youtube.com/watch?v=4g9BURAuaKU,1165.6500,CuriosaMente
1.5946,https://www.youtube.com/watch?v=UCpV3kOELZM,626.1700,CuriosaMente
1.5948,https://www.youtube.com/watch?v=xFmAGcQqBik,741.2970,CuriosaMente
1.5950,https://www.youtube.com/watch?v=sYakQzIjgxI,1377.4370,CuriosaMente
1.5951,https://www.youtube.com/watch?v=uI8jO-D9okQ,954.4680,CuriosaMente
1.5952,https://www.youtube.com/watch?v=HRJ0jgBeIIg,684.2580,CuriosaMente
1.5968,https://www.youtube.com/watch?v=3i1czA1OEDE,769.5480,CuriosaMente
1.5972,https://www.youtube.com/watch?v=cFS0lHeg4ek,1231.7180,CuriosaMente
1.5975,https://www.youtube.com/watch?v=YFu459IyBCw,683.6910,CuriosaMente
1.5980,https://www.youtube.com/watch?v=M_hRmxDddmg,767.7780,CuriosaMente
1.5984,https://www.youtube.com/watch?v=6haUImjvD_8,751.7280,CuriosaMente
1.5985,https://www.youtube.com/watch?v=U9AC0X5ATy8,990.7620,CuriosaMente
1.5985,https://www.youtube.com/watch?v=-dbZWmxpj9g,102.9390,CuriosaMente
1.5994,https://www.youtube.com/watch?v=B3SL_4TvsSQ,721.5510,CuriosaMente
1.6000,https://www.youtube.com/watch?v=70shj6W7ppU,686.3190,CuriosaMente
1.6008,https://www.youtube.com/watch?v=CC3BOYid4RU,1082.1200,CuriosaMente
1.6012,https://www.youtube.com/watch?v=tI3MhQOKGbs,1363.2970,CuriosaMente
1.6020,https://www.youtube.com/watch?v=cVLWSUgj9FQ,1247.2600,CuriosaMente
1.6025,https://www.youtube.com/watch?v=pM2Kg7lCHc4,1072.8980,CuriosaMente
1.6026,https://www.youtube.com/watch?v=DWHcRQPLmiw,7626.3450,CuriosaMente
1.6028,https://www.youtube.com/watch?v=ncikNwYIGek,1241.5790,CuriosaMente
1.6030,https://www.youtube.com/watch?v=mYgaF5_fyhU,955.4390,CuriosaMente
1.6031,https://www.youtube.com/watch?v=L9BDFFi36J4,1441.8010,CuriosaMente
1.6032,https://www.youtube.com/watch?v=4Tu7zM7sUpA,1306.8600,CuriosaMente
1.6033,https://www.youtube.com/watch?v=rBa_YCykOQg,647.7800,CuriosaMente
1.6040,https://www.youtube.com/watch?v=ZyEP5iJ7VLA,1507.6800,CuriosaMente
1.6041,https://www.youtube.com/watch?v=XaMjFlw-0qY,1330.6760,CuriosaMente
1.6045,https://www.youtube.com/watch?v=DqtlGz2B4sg,995.8700,CuriosaMente
1.6045,https://www.youtube.com/watch?v=4UVxDe7KPI8,2590.9590,CuriosaMente
1.6050,https://www.youtube.com/watch?v=9e4rPyUF9uA,813.9580,CuriosaMente
1.6055,https://www.youtube.com/watch?v=b7hvixAPVKs,779.0480,CuriosaMente
1.6060,https://www.youtube.com/watch?v=2U-YeurgsNY,759.0020,CuriosaMente
1.6061,https://www.youtube.com/watch?v=4XogaxzHEEA,1056.2820,CuriosaMente
1.6062,https://www.youtube.com/watch?v=wozdcts7B1g,1078.9610,CuriosaMente
1.6063,https://www.youtube.com/watch?v=aT0R5p8uRRk,1153.8020,CuriosaMente
1.6069,https://www.youtube.com/watch?v=clqzXRiZnE0,881.0810,CuriosaMente
1.6073,https://www.youtube.com/watch?v=98Y1tVb5Jso,862.2090,CuriosaMente
1.6077,https://www.youtube.com/watch?v=-yyEhZThVPY,1412.6000,CuriosaMente
1.6078,https://www.youtube.com/watch?v=6kvozwOVSfM,1563.6600,CuriosaMente
1.6080,https://www.youtube.com/watch?v=-YyGsnDkTP0,726.8680,CuriosaMente
1.6080,https://www.youtube.com/watch?v=E8dvd9fwetM,669.0510,CuriosaMente
1.6094,https://www.youtube.com/watch?v=UJj54CbUY8g,549.7470,CuriosaMente
1.6116,https://www.youtube.com/watch?v=h7fyo6vH6Bs,1272.6810,CuriosaMente
1.6121,https://www.youtube.com/watch?v=fS6IA-7EhXQ,1093.5380,CuriosaMente
1.6132,https://www.youtube.com/watch?v=b3k3WEFDbgk,849.9010,CuriosaMente
1.6132,https://www.youtube.com/watch?v=zoICyIF3tCw,465.4300,CuriosaMente
1.6137,https://www.youtube.com/watch?v=qwS8R42zFjE,1370.1590,CuriosaMente
1.6138,https://www.youtube.com/watch?v=LO4LNRY7HtQ,947.0410,CuriosaMente
1.6139,https://www.youtube.com/watch?v=QdNEdb3a5_w,1019.1590,CuriosaMente
1.6145,https://www.youtube.com/watch?v=LbUMnfyQoVg,1270.4000,CuriosaMente
1.6146,https://www.youtube.com/watch?v=oL_mHK5v2OU,456.5600,CuriosaMente
1.6174,https://www.youtube.com/watch?v=p3-HyM7n1g4,774.9580,CuriosaMente
1.6179,https://www.youtube.com/watch?v=FGQ_Gt7UHp8,1205.3810,CuriosaMente
1.6180,https://www.youtube.com/watch?v=x6SV5GkmKVU,937.1370,CuriosaMente
1.6185,https://www.youtube.com/watch?v=7CM-IGYeqqg,1060.0000,CuriosaMente
1.6189,https://www.youtube.com/watch?v=tHh709jmTfc,643.3390,CuriosaMente
1.6190,https://www.youtube.com/watch?v=NpUkcCZCxQ0,923.5780,CuriosaMente
1.6205,https://www.youtube.com/watch?v=7oE0zyDM-Qg,988.9620,CuriosaMente
1.6211,https://www.youtube.com/watch?v=rid0-Xxecys,832.6790,CuriosaMente
1.6216,https://www.youtube.com/watch?v=3vuP9mHFbMg,1019.5090,CuriosaMente
1.6221,https://www.youtube.com/watch?v=QHZWFKnlOQw,1233.6810,CuriosaMente
1.6226,https://www.youtube.com/watch?v=Z9oEr77t8x4,1701.9980,CuriosaMente
1.6226,https://www.youtube.com/watch?v=7M-hixaUt5A,799.7280,CuriosaMente
1.6228,https://www.youtube.com/watch?v=N1a0RhutJtg,579.8410,CuriosaMente
1.6230,https://www.youtube.com/watch?v=6X6eFOIqufQ,1087.4490,CuriosaMente
1.6239,https://www.youtube.com/watch?v=BVI5TJz2bRo,1137.6800,CuriosaMente
1.6239,https://www.youtube.com/watch?v=g7oHdL_7kmk,767.2300,CuriosaMente
1.6248,https://www.youtube.com/watch?v=l_igSUEsUbg,1224.4210,CuriosaMente
1.6254,https://www.youtube.com/watch?v=D4kTt1Dw_BY,1699.8400,CuriosaMente
1.6259,https://www.youtube.com/watch?v=xoOGpQUs5Yc,1291.1990,CuriosaMente
1.6260,https://www.youtube.com/watch?v=FRw-UXkqL4Q,1194.9200,CuriosaMente
1.6262,https://www.youtube.com/watch?v=zqV--2IN4Dw,1523.5580,CuriosaMente
1.6268,https://www.youtube.com/watch?v=n2bwyGSE_Tc,1018.2560,CuriosaMente
1.6272,https://www.youtube.com/watch?v=mu7whKOYFbk,369.5510,CuriosaMente
1.6279,https://www.youtube.com/watch?v=Jq7p8E4fi5I,966.3600,CuriosaMente
1.6289,https://www.youtube.com/watch?v=l-zFtlzanvQ,779.5800,CuriosaMente
1.6292,https://www.youtube.com/watch?v=2GzNRY2iYNg,737.3300,CuriosaMente
1.6295,https://www.youtube.com/watch?v=IOyGoIovLNg,757.0260,CuriosaMente
1.6296,https://www.youtube.com/watch?v=JzVGxLji8oE,1336.6010,CuriosaMente
1.6302,https://www.youtube.com/watch?v=Wka0KQmCL3w,1502.6380,CuriosaMente
1.6307,https://www.youtube.com/watch?v=WWNkMW9Pfl4,1006.0880,CuriosaMente
1.6311,https://www.youtube.com/watch?v=DzWgqxUNIXM,670.4500,CuriosaMente
1.6321,https://www.youtube.com/watch?v=LMQoYS_l9rE,1040.6220,CuriosaMente
1.6324,https://www.youtube.com/watch?v=WDXwKm8QQqc,960.2280,CuriosaMente
1.6329,https://www.youtube.com/watch?v=gFUVVTvdurc,498.9090,CuriosaMente
1.6351,https://www.youtube.com/watch?v=MsnOdHmVC5Q,291.2610,CuriosaMente
1.6356,https://www.youtube.com/watch?v=KJ8ShemiIUg,1087.5610,CuriosaMente
1.6370,https://www.youtube.com/watch?v=cZJE5F6BCNo,596.7500,CuriosaMente
1.6371,https://www.youtube.com/watch?v=FmtyY2hmg04,739.6490,CuriosaMente
1.6372,https://www.youtube.com/watch?v=lDMQLArCOe0,796.6800,CuriosaMente
1.6377,https://www.youtube.com/watch?v=5eT8IAKRc70,731.6300,CuriosaMente
1.6384,https://www.youtube.com/watch?v=1_Oljb4cEGA,1355.3600,CuriosaMente
1.6386,https://www.youtube.com/watch?v=uMWNenJ-T3Q,2558.6600,CuriosaMente
1.6399,https://www.youtube.com/watch?v=5g9N8y298L8,1339.5610,CuriosaMente
1.6419,https://www.youtube.com/watch?v=VoVmkyUvJaE,1290.1200,CuriosaMente
1.6427,https://www.youtube.com/watch?v=VC2piUqHV_4,866.9780,CuriosaMente
1.6429,https://www.youtube.com/watch?v=V_p8XtoovPM,1187.2200,CuriosaMente
1.6437,https://www.youtube.com/watch?v=LlGOPufl0As,915.6290,CuriosaMente
1.6437,https://www.youtube.com/watch?v=vSsJQ1UsIpE,1529.3200,CuriosaMente
1.6438,https://www.youtube.com/watch?v=Es10qVXnusc,986.5200,CuriosaMente
1.6438,https://www.youtube.com/watch?v=T55OzE-X6u0,869.5000,CuriosaMente
1.6451,https://www.youtube.com/watch?v=BG1r3p3BGzI,135.3380,CuriosaMente
1.6456,https://www.youtube.com/watch?v=muSYu_HOCiQ,966.9500,CuriosaMente
1.6459,https://www.youtube.com/watch?v=4YTym3zcptg,878.5480,CuriosaMente
1.6462,https://www.youtube.com/watch?v=x5ugriq8Bsg,934.1890,CuriosaMente
1.6463,https://www.youtube.com/watch?v=8M9RccItmeE,1322.3620,CuriosaMente
1.6467,https://www.youtube.com/watch?v=nQcXm9rmdZM,1183.3310,CuriosaMente
1.6477,https://www.youtube.com/watch?v=RRMImbdlrxY,935.9100,CuriosaMente
1.6477,https://www.youtube.com/watch?v=qMQPBXiAmzI,667.6800,CuriosaMente
1.6482,https://www.youtube.com/watch?v=uW6b7KAE3lE,728.7610,CuriosaMente
1.6485,https://www.youtube.com/watch?v=bICbwSNRrZE,1252.2200,CuriosaMente
1.6487,https://www.youtube.com/watch?v=lxJ2XJ2WMss,442.6490,CuriosaMente
1.6497,https://www.youtube.com/watch?v=BcoyoQaIqlg,1002.7780,CuriosaMente
1.6502,https://www.youtube.com/watch?v=BEakX-a09tg,736.7820,CuriosaMente
1.6503,https://www.youtube.com/watch?v=SNfABlnb4x0,883.6710,CuriosaMente
1.6509,https://www.youtube.com/watch?v=cdaj5jAsAUs,691.7290,CuriosaMente
1.6516,https://www.youtube.com/watch?v=yKaJh6HgA6I,722.7310,CuriosaMente
1.6526,https://www.youtube.com/watch?v=j_b3lzShjL8,1020.7900,CuriosaMente
1.6527,https://www.youtube.com/watch?v=759mpkJcckE,747.6330,CuriosaMente
1.6529,https://www.youtube.com/watch?v=ouAOnbrvUig,103.8780,CuriosaMente
1.6534,https://www.youtube.com/watch?v=93-ta1FZyoM,639.8810,CuriosaMente
1.6534,https://www.youtube.com/watch?v=UHsG0_54b9A,1580.7600,CuriosaMente
1.6537,https://www.youtube.com/watch?v=3hG4gwIPwDs,623.8810,CuriosaMente
1.6537,https://www.youtube.com/watch?v=cD-fxn_DMgw,699.6600,CuriosaMente
1.6550,https://www.youtube.com/watch?v=ss1gHMqp8GU,689.1810,CuriosaMente
1.6555,https://www.youtube.com/watch?v=YhV7-ObyQtM,624.7800,CuriosaMente
1.6560,https://www.youtube.com/watch?v=By8Vv1gd6X8,986.2810,CuriosaMente
1.6563,https://www.youtube.com/watch?v=vHd8GJopQxY,593.8310,CuriosaMente
1.6567,https://www.youtube.com/watch?v=mhGY6OXcCbs,877.0190,CuriosaMente
1.6576,https://www.youtube.com/watch?v=mpva1VZFMEw,1182.6600,CuriosaMente
1.6577,https://www.youtube.com/watch?v=kb_7DkfaRvA,1068.5880,CuriosaMente
1.6578,https://www.youtube.com/watch?v=j6CPWzDcGAQ,1265.3600,CuriosaMente
1.6578,https://www.youtube.com/watch?v=qmO41t84REc,1063.4410,CuriosaMente
1.6588,https://www.youtube.com/watch?v=kILLdf2IPJ4,663.3110,CuriosaMente
1.6590,https://www.youtube.com/watch?v=a2lYTKJRa5s,751.6790,CuriosaMente
1.6604,https://www.youtube.com/watch?v=dM6z34WjHAw,913.5100,CuriosaMente
1.6608,https://www.youtube.com/watch?v=Wt4N4x4_goo,1104.4280,CuriosaMente
1.6611,https://www.youtube.com/watch?v=f1Nwoy9kCm8,743.0180,CuriosaMente
1.6618,https://www.youtube.com/watch?v=PVPXJKMIduM,745.8290,CuriosaMente
1.6619,https://www.youtube.com/watch?v=bmsaBSk9dZ0,1028.1460,CuriosaMente
1.6627,https://www.youtube.com/watch?v=WB44S7tZ3XE,1216.5280,CuriosaMente
1.6628,https://www.youtube.com/watch?v=KMW6iofXnxs,800.5500,CuriosaMente
1.6630,https://www.youtube.com/watch?v=cz_z6rNk2sY,903.7170,CuriosaMente
1.6639,https://www.youtube.com/watch?v=QUczwjF84yU,904.0900,CuriosaMente
1.6640,https://www.youtube.com/watch?v=Y97TKmRVTbs,1068.8110,CuriosaMente
1.6645,https://www.youtube.com/watch?v=ycgdF-ugV_s,1119.0770,CuriosaMente
1.6653,https://www.youtube.com/watch?v=93IJCd1sR-o,1161.5600,CuriosaMente
1.6670,https://www.youtube.com/watch?v=zqeJyUAnGis,778.8800,CuriosaMente
1.6677,https://www.youtube.com/watch?v=m9ezUubZb28,751.7700,CuriosaMente
1.6686,https://www.youtube.com/watch?v=ZXxywmhbe6s,720.1680,CuriosaMente
1.6688,https://www.youtube.com/watch?v=VvyczcHDF5s,1040.3720,CuriosaMente
1.6692,https://www.youtube.com/watch?v=C0TFX1cLT0M,626.2490,CuriosaMente
1.6697,https://www.youtube.com/watch?v=xUTOsExFtbQ,1165.2790,CuriosaMente
1.6697,https://www.youtube.com/watch?v=EcATmKaY4ng,723.3190,CuriosaMente
1.6700,https://www.youtube.com/watch?v=Ca9Z23iqcwQ,758.1410,CuriosaMente
1.6702,https://www.youtube.com/watch?v=_g2-vtZfhqs,1271.7000,CuriosaMente
1.6704,https://www.youtube.com/watch?v=TlDA2u9jdOA,518.8200,CuriosaMente
1.6718,https://www.youtube.com/watch?v=zECI_CMLZOI,824.7080,CuriosaMente
1.6725,https://www.youtube.com/watch?v=5H-3ov8tn28,1081.9710,CuriosaMente
1.6728,https://www.youtube.com/watch?v=q-juc7-tByU,1026.3000,CuriosaMente
1.6729,https://www.youtube.com/watch?v=4s8jlwHTAFU,1009.4700,CuriosaMente
1.6744,https://www.youtube.com/watch?v=3L8UelBOhuY,860.7600,CuriosaMente
1.6745,https://www.youtube.com/watch?v=84pYAAsexDA,432.4970,CuriosaMente
1.6746,https://www.youtube.com/watch?v=mKAPmtKKhGY,664.9600,CuriosaMente
1.6752,https://www.youtube.com/watch?v=Pt2U47Fu8ZA,458.6080,CuriosaMente
1.6754,https://www.youtube.com/watch?v=hFk_UxU74ZE,1598.7180,CuriosaMente
1.6755,https://www.youtube.com/watch?v=a-w3MdIkzxk,1038.3480,CuriosaMente
1.6776,https://www.youtube.com/watch?v=l-ojVvNnh3k,1020.4680,CuriosaMente
1.6778,https://www.youtube.com/watch?v=VbN31G-TOnA,875.8000,CuriosaMente
1.6793,https://www.youtube.com/watch?v=f-WLcR6bALU,971.7020,CuriosaMente
1.6794,https://www.youtube.com/watch?v=D3hcqEBurRI,976.0210,CuriosaMente
1.6801,https://www.youtube.com/watch?v=Wl8MnpsfEXY,1073.2810,CuriosaMente
1.6804,https://www.youtube.com/watch?v=1-zlN5GWckM,1307.0410,CuriosaMente
1.6806,https://www.youtube.com/watch?v=uPPFdxMOl_s,632.2120,CuriosaMente
1.6814,https://www.youtube.com/watch?v=V7RA0GLjS80,853.3680,CuriosaMente
1.6824,https://www.youtube.com/watch?v=tGnniFH-iNg,730.1980,CuriosaMente
1.6828,https://www.youtube.com/watch?v=PyculFHUhfA,751.0300,CuriosaMente
1.6828,https://www.youtube.com/watch?v=vKzLSgSI5Rk,935.2350,CuriosaMente
1.6831,https://www.youtube.com/watch?v=aEInVLr7KSU,548.4810,CuriosaMente
1.6839,https://www.youtube.com/watch?v=TITKgT3iOOY,668.8400,CuriosaMente
1.6846,https://www.youtube.com/watch?v=Bagmsr5ztnQ,1061.4000,CuriosaMente
1.6851,https://www.youtube.com/watch?v=HVbWtwQLHKk,874.1280,CuriosaMente
1.6860,https://www.youtube.com/watch?v=3gT1qH9b1cg,770.7790,CuriosaMente
1.6860,https://www.youtube.com/watch?v=rpzjdOMdcyA,976.9980,CuriosaMente
1.6861,https://www.youtube.com/watch?v=KyjjFYM8aUg,619.3300,CuriosaMente
1.6865,https://www.youtube.com/watch?v=eYg_LsuOBUc,602.6810,CuriosaMente
1.6867,https://www.youtube.com/watch?v=msW4e-qnFjk,796.4510,CuriosaMente
1.6878,https://www.youtube.com/watch?v=BozcODgpqFE,856.3790,CuriosaMente
1.6879,https://www.youtube.com/watch?v=IEyLRi1kABo,333.3180,CuriosaMente
1.6887,https://www.youtube.com/watch?v=cirKWZS6OFs,1188.3500,CuriosaMente
1.6888,https://www.youtube.com/watch?v=YvEs5vp0ZTE,862.2400,CuriosaMente
1.6889,https://www.youtube.com/watch?v=zImiTWMsRHg,814.7210,CuriosaMente
1.6919,https://www.youtube.com/watch?v=0lOtdjVRKOo,496.2680,CuriosaMente
1.6923,https://www.youtube.com/watch?v=dkfKEC2Y-Us,1515.9610,CuriosaMente
1.6933,https://www.youtube.com/watch?v=7R2EqwkyE3s,1041.6290,CuriosaMente
1.6941,https://www.youtube.com/watch?v=cFIM0NwzrJw,957.1600,CuriosaMente
1.6951,https://www.youtube.com/watch?v=lwJd58eM010,1156.4780,CuriosaMente
1.6952,https://www.youtube.com/watch?v=C_MnFhxgix8,986.7610,CuriosaMente
1.6959,https://www.youtube.com/watch?v=QkRiYD0dADg,800.5710,CuriosaMente
1.6960,https://www.youtube.com/watch?v=SRNojyNJKxM,1050.0810,CuriosaMente
1.6966,https://www.youtube.com/watch?v=mD4p_7wvj1Y,1332.6810,CuriosaMente
1.6977,https://www.youtube.com/watch?v=eDCWFnDO0Po,840.4490,CuriosaMente
1.6990,https://www.youtube.com/watch?v=8FNakCyDn2A,773.6030,CuriosaMente
1.6999,https://www.youtube.com/watch?v=23QYunvcIWY,989.5510,CuriosaMente
1.7002,https://www.youtube.com/watch?v=FRyyIL2p25Q,1104.8800,CuriosaMente
1.7002,https://www.youtube.com/watch?v=O4R-pD1y1TY,550.1900,CuriosaMente
1.7010,https://www.youtube.com/watch?v=nvLakz3OUcc,973.6200,CuriosaMente
1.7026,https://www.youtube.com/watch?v=aopHcOm7a-w,603.8000,CuriosaMente
1.7031,https://www.youtube.com/watch?v=GQ_Po8FSMr8,698.6500,CuriosaMente
1.7033,https://www.youtube.com/watch?v=Qm5fhvTa6Fg,906.5990,CuriosaMente
1.7036,https://www.youtube.com/watch?v=SNDkaASe2tA,656.1000,CuriosaMente
1.7037,https://www.youtube.com/watch?v=Lmc59iaZ-U4,1069.3990,CuriosaMente
1.7040,https://www.youtube.com/watch?v=_RYBIqpYQH8,842.4400,CuriosaMente
1.7049,https://www.youtube.com/watch?v=yLcV9STOzyI,1040.9510,CuriosaMente
1.7051,https://www.youtube.com/watch?v=iLKrkreM-cA,1206.2820,CuriosaMente
1.7052,https://www.youtube.com/watch?v=Nnt9nQCaTYM,534.2590,CuriosaMente
1.7076,https://www.youtube.com/watch?v=MWCrbrW3WL0,806.6900,CuriosaMente
1.7082,https://www.youtube.com/watch?v=F3-wesOTemI,823.7400,CuriosaMente
1.7103,https://www.youtube.com/watch?v=uwC8YrGzqAM,608.5280,CuriosaMente
1.7103,https://www.youtube.com/watch?v=XiUATPJHN2Y,751.6900,CuriosaMente
1.7105,https://www.youtube.com/watch?v=qtX2WbOUZHc,775.3010,CuriosaMente
1.7116,https://www.youtube.com/watch?v=lvHEdJWwp2I,1314.1200,CuriosaMente
1.7117,https://www.youtube.com/watch?v=uHrCIWsxMt0,667.4980,CuriosaMente
1.7119,https://www.youtube.com/watch?v=62Me2U_S_2s,692.3390,CuriosaMente
1.7124,https://www.youtube.com/watch?v=1CK9xnZIvkc,508.0100,CuriosaMente
1.7139,https://www.youtube.com/watch?v=RqdbzMHYNiI,288.7200,CuriosaMente
1.7144,https://www.youtube.com/watch?v=HPJAUlR_MWU,457.8700,CuriosaMente
1.7157,https://www.youtube.com/watch?v=1Hhya-kJxsw,318.1820,CuriosaMente
1.7173,https://www.youtube.com/watch?v=7afwV_aJcjk,539.3300,CuriosaMente
1.7173,https://www.youtube.com/watch?v=i4a7ukZxwSs,681.4400,CuriosaMente
1.7178,https://www.youtube.com/watch?v=hUiScO0AMMk,654.3000,CuriosaMente
1.7192,https://www.youtube.com/watch?v=4qFvxoq88sI,1064.1900,CuriosaMente
1.7202,https://www.youtube.com/watch?v=OuM74x8gvOU,831.0180,CuriosaMente
1.7210,https://www.youtube.com/watch?v=UaWuNKKHhts,843.1480,CuriosaMente
1.7213,https://www.youtube.com/watch?v=0yESQtFFj_I,1122.9480,CuriosaMente
1.7215,https://www.youtube.com/watch?v=kcsI2C4J-eM,681.7500,CuriosaMente
1.7218,https://www.youtube.com/watch?v=B1dseff1qj0,848.8800,CuriosaMente
1.7229,https://www.youtube.com/watch?v=8uJwuCK8hz0,297.2400,CuriosaMente
1.7229,https://www.youtube.com/watch?v=lXtDWYcPbXY,810.1600,CuriosaMente
1.7239,https://www.youtube.com/watch?v=9yc4JIMcZQg,641.5000,CuriosaMente
1.7259,https://www.youtube.com/watch?v=h-htRQxfSPg,1193.0600,CuriosaMente
1.7274,https://www.youtube.com/watch?v=ru1heLci5Qo,737.4410,CuriosaMente
1.7279,https://www.youtube.com/watch?v=2CPTBOeyEQ4,759.6390,CuriosaMente
1.7285,https://www.youtube.com/watch?v=tKLbUyIB1jI,519.5310,CuriosaMente
1.7289,https://www.youtube.com/watch?v=B_T6WXgyODs,626.2810,CuriosaMente
1.7291,https://www.youtube.com/watch?v=r7Na9cbquHg,366.1100,CuriosaMente
1.7295,https://www.youtube.com/watch?v=pjOTlFCbtzk,697.6980,CuriosaMente
1.7297,https://www.youtube.com/watch?v=doUE9inyUK0,236.4800,CuriosaMente
1.7303,https://www.youtube.com/watch?v=qWSL5BGpIgc,663.7880,CuriosaMente
1.7315,https://www.youtube.com/watch?v=VeMXEUwxPy4,746.3210,CuriosaMente
1.7319,https://www.youtube.com/watch?v=bZ6sFXW5o0g,569.3980,CuriosaMente
1.7321,https://www.youtube.com/watch?v=FbroemdlJoI,878.8600,CuriosaMente
1.7325,https://www.youtube.com/watch?v=n7VFGES718k,435.7700,CuriosaMente
1.7326,https://www.youtube.com/watch?v=SpOXG0_ibbI,657.4000,CuriosaMente
1.7336,https://www.youtube.com/watch?v=UaANUIGAugo,598.6810,CuriosaMente
1.7336,https://www.youtube.com/watch?v=QVbjYkL5Nxo,539.9570,CuriosaMente
1.7353,https://www.youtube.com/watch?v=zj7tkS7Bt_s,470.6200,CuriosaMente
1.7371,https://www.youtube.com/watch?v=QTLtY7Gz9bg,609.8800,CuriosaMente
1.7373,https://www.youtube.com/watch?v=jEPMsJ5Y3ss,1048.4100,CuriosaMente
1.7375,https://www.youtube.com/watch?v=_uYkOkCMSlY,1060.2100,CuriosaMente
1.7377,https://www.youtube.com/watch?v=ql-SrA_hcTM,350.3710,CuriosaMente
1.7382,https://www.youtube.com/watch?v=ExbVoHLXPzg,743.8580,CuriosaMente
1.7387,https://www.youtube.com/watch?v=5E3kl_7_cT0,528.1190,CuriosaMente
1.7390,https://www.youtube.com/watch?v=EBAgQXDw9yA,891.6710,CuriosaMente
1.7391,https://www.youtube.com/watch?v=YFryL8XWqZY,568.2410,CuriosaMente
1.7440,https://www.youtube.com/watch?v=MewTO_xtOww,617.4010,CuriosaMente
1.7446,https://www.youtube.com/watch?v=VvQu6PqT-Oo,1278.4620,CuriosaMente
1.7448,https://www.youtube.com/watch?v=Y25yXtxH6qY,369.2080,CuriosaMente
1.7448,https://www.youtube.com/watch?v=kEGZXbA4dTE,697.7190,CuriosaMente
1.7451,https://www.youtube.com/watch?v=n2y7P8RoA80,667.6010,CuriosaMente
1.7467,https://www.youtube.com/watch?v=0RBVVKZ6JRY,246.0400,CuriosaMente
1.7492,https://www.youtube.com/watch?v=mwX85V_sTWY,549.7200,CuriosaMente
1.7496,https://www.youtube.com/watch?v=GGf9u8wn72Q,601.8010,CuriosaMente
1.7541,https://www.youtube.com/watch?v=JOdc1az2aJ8,719.0210,CuriosaMente
1.7541,https://www.youtube.com/watch?v=tsAuUWS1Jj8,995.2770,CuriosaMente
1.7557,https://www.youtube.com/watch?v=OE1fmUs-INw,762.9080,CuriosaMente
1.7566,https://www.youtube.com/watch?v=tMNGAOBKMTg,569.1810,CuriosaMente
1.7576,https://www.youtube.com/watch?v=IuRpyjJ7vhw,788.3600,CuriosaMente
1.7576,https://www.youtube.com/watch?v=8b28ajv-sKA,554.9200,CuriosaMente
1.7581,https://www.youtube.com/watch?v=42naw0R1H7E,917.4490,CuriosaMente
1.7594,https://www.youtube.com/watch?v=VUgTYDGzEaQ,966.3400,CuriosaMente
1.7596,https://www.youtube.com/watch?v=OD0GdvbMPAo,556.6410,CuriosaMente
1.7606,https://www.youtube.com/watch?v=L3mcPWXG0xs,80.0000,CuriosaMente
1.7607,https://www.youtube.com/watch?v=JRj43Tjq2ZY,652.1700,CuriosaMente
1.7624,https://www.youtube.com/watch?v=sh1FlMuhucM,202.1700,CuriosaMente
1.7640,https://www.youtube.com/watch?v=ml28n7KSNl4,589.9000,CuriosaMente
1.7681,https://www.youtube.com/watch?v=VNwDKT7Vg0s,104.0100,CuriosaMente
1.7727,https://www.youtube.com/watch?v=psGJwNDLbUI,685.8390,CuriosaMente
1.7734,https://www.youtube.com/watch?v=wtWkJX96R6c,615.8780,CuriosaMente
1.7751,https://www.youtube.com/watch?v=K-OjXK4vyoY,331.6410,CuriosaMente
1.7754,https://www.youtube.com/watch?v=ndGf-vil4tA,843.1200,CuriosaMente
1.7761,https://www.youtube.com/watch?v=Aet-p4VdM2g,254.7180,CuriosaMente
1.7801,https://www.youtube.com/watch?v=WePGLq89MAk,666.0900,CuriosaMente
1.7812,https://www.youtube.com/watch?v=CYLQvL4CKB0,699.6020,CuriosaMente
1.7821,https://www.youtube.com/watch?v=SY-oAdwrf4w,552.0090,CuriosaMente
1.7848,https://www.youtube.com/watch?v=F7Y8XKrOgtw,441.8400,CuriosaMente
1.7878,https://www.youtube.com/watch?v=r9jvxWbKHZo,715.7000,CuriosaMente
1.7888,https://www.youtube.com/watch?v=zBNXZVRVJt8,509.5100,CuriosaMente
1.7989,https://www.youtube.com/watch?v=HphFyvwsD9k,182.8600,CuriosaMente
1.8004,https://www.youtube.com/watch?v=joY4MHu4n4c,103.1700,CuriosaMente
1.8011,https://www.youtube.com/watch?v=lMnPAyUXF8E,684.6800,CuriosaMente
1.8022,https://www.youtube.com/watch?v=FzxLtk9Nlh0,583.2810,CuriosaMente
1.8026,https://www.youtube.com/watch?v=ignhO9RG31k,721.1120,CuriosaMente
1.8080,https://www.youtube.com/watch?v=kxnMi78xrEQ,316.0100,CuriosaMente
1.8128,https://www.youtube.com/watch?v=Lc6-xmB_nKY,547.4790,CuriosaMente
1.8137,https://www.youtube.com/watch?v=rMccKqDJUx4,465.6280,CuriosaMente
1.8144,https://www.youtube.com/watch?v=ysxmSoUeRXA,505.3400,CuriosaMente
1.8156,https://www.youtube.com/watch?v=Lvnpa35l-p4,424.5220,CuriosaMente
1.8272,https://www.youtube.com/watch?v=JhAJW704tWE,589.0600,CuriosaMente
1.8308,https://www.youtube.com/watch?v=fdqk4RoQcAg,873.8190,CuriosaMente
1.8320,https://www.youtube.com/watch?v=l1odUvdeer4,140.5600,CuriosaMente
1.8339,https://www.youtube.com/watch?v=2eLfVufHX58,89.4800,CuriosaMente
1.8423,https://www.youtube.com/watch?v=i8pTq7fobGE,96.2680,CuriosaMente
1.8437,https://www.youtube.com/watch?v=3p2XurHtE4Y,578.8790,CuriosaMente
1.8443,https://www.youtube.com/watch?v=Rj02g9H2GFg,1073.3170,CuriosaMente
1.8449,https://www.youtube.com/watch?v=NLaV_O3dLpk,583.6510,CuriosaMente
1.8486,https://www.youtube.com/watch?v=5Fj6FJPSgEQ,619.9700,CuriosaMente
1.8508,https://www.youtube.com/watch?v=cMcZYeHnJYw,762.9200,CuriosaMente
1.8579,https://www.youtube.com/watch?v=EaKmbaoa_bk,234.7280,CuriosaMente
1.8705,https://www.youtube.com/watch?v=oK3dTVlx7Nc,148.9710,CuriosaMente
1.8759,https://www.youtube.com/watch?v=Kg5J1jszj-c,644.7210,CuriosaMente
1.8815,https://www.youtube.com/watch?v=Y5dwuIoUwj4,550.9580,CuriosaMente
1.8861,https://www.youtube.com/watch?v=K5_Qvi8LX_c,207.2810,CuriosaMente
1.8877,https://www.youtube.com/watch?v=NkaBiYLeeA4,532.4600,CuriosaMente
1.8905,https://www.youtube.com/watch?v=hdy8DM3Amhk,281.4610,CuriosaMente
1.8953,https://www.youtube.com/watch?v=TYhsOAqxW6k,371.3220,CuriosaMente
1.9035,https://www.youtube.com/watch?v=loOFA5syXGQ,159.7300,CuriosaMente
1.9109,https://www.youtube.com/watch?v=xnxYXlIwwFU,62.7700,CuriosaMente
1.9161,https://www.youtube.com/watch?v=m3DEYyje8tY,81.3110,CuriosaMente
1.9191,https://www.youtube.com/watch?v=0t31zWMX8KI,201.4200,CuriosaMente
1.9223,https://www.youtube.com/watch?v=8NVstYdXZA8,70.6200,CuriosaMente
1.9400,https://www.youtube.com/watch?v=LLDafWjhrRA,156.5200,CuriosaMente
1.9465,https://www.youtube.com/watch?v=7j4gQ4aTWBI,115.3110,CuriosaMente
1.9730,https://www.youtube.com/watch?v=kvMdFoDgSzA,91.8400,CuriosaMente
1.9753,https://www.youtube.com/watch?v=BFVgqXXaAgU,87.4300,CuriosaMente
1.9759,https://www.youtube.com/watch?v=cO7FrGZed5w,291.8100,CuriosaMente
1.9760,https://www.youtube.com/watch?v=_zxxRYTkggY,981.2310,CuriosaMente
2.0173,https://www.youtube.com/watch?v=pSBg2HhgZhc,126.8800,CuriosaMente
2.0220,https://www.youtube.com/watch?v=Q7TinCaSTwM,61.9200,CuriosaMente
2.0551,https://www.youtube.com/watch?v=sVOBgBODG1g,969.6410,CuriosaMente
2.1002,https://www.youtube.com/watch?v=n-EIV7gb724,84.1580,CuriosaMente
2.1198,https://www.youtube.com/watch?v=2Hx4CT4ueuw,64.8400,CuriosaMente
2.2056,https://www.youtube.com/watch?v=ZKC8V64YYkc,115.5000,CuriosaMente
2.2125,https://www.youtube.com/watch?v=IW_YHXSaPKE,117.1300,CuriosaMente
2.2575,https://www.youtube.com/watch?v=80WAkGaW8WU,87.1300,CuriosaMente
2.3287,https://www.youtube.com/watch?v=Bm8gQ1biz0c,116.4790,CuriosaMente
2.4806,https://www.youtube.com/watch?v=UFkM1TxZcgY,119.8910,CuriosaMente
2.8849,https://www.youtube.com/watch?v=qEMAkXlpz7k,140.0200,CuriosaMente
2.8902,https://www.youtube.com/watch?v=YK4G0_ezRqU,552.4200,CuriosaMente
2.8946,https://www.youtube.com/watch?v=KB1j3H3M48g,529.0800,CuriosaMente
2.9674,https://www.youtube.com/watch?v=1D-cvl67VOk,448.5600,CuriosaMente
2.9734,https://www.youtube.com/watch?v=ji6cRpmpzmc,390.3090,CuriosaMente
3.0196,https://www.youtube.com/watch?v=tiPVi66mTrw,562.1210,CuriosaMente
3.0647,https://www.youtube.com/watch?v=IIJ9D2Cs6Kk,395.8500,CuriosaMente
3.0820,https://www.youtube.com/watch?v=wSd_fKzrCsw,557.4000,CuriosaMente
3.0889,https://www.youtube.com/watch?v=szuftPXrjos,530.7940,CuriosaMente
3.0924,https://www.youtube.com/watch?v=kiPeHykxDXI,489.2000,CuriosaMente
3.1069,https://www.youtube.com/watch?v=RvxjyKIKI5s,601.9800,CuriosaMente
3.1149,https://www.youtube.com/watch?v=8mSokZu2Vf0,457.0200,CuriosaMente
3.1228,https://www.youtube.com/watch?v=1357K4j6otA,347.1900,CuriosaMente
3.1297,https://www.youtube.com/watch?v=UMylftx6OpE,379.4800,CuriosaMente
3.1474,https://www.youtube.com/watch?v=tcx0J2-wY5A,397.5140,CuriosaMente
3.1699,https://www.youtube.com/watch?v=GweFONsKJ5M,528.4500,CuriosaMente
3.2017,https://www.youtube.com/watch?v=lvhkhdbSKt8,487.0800,CuriosaMente
3.2065,https://www.youtube.com/watch?v=s7OfMG7ccPE,336.5010,CuriosaMente
3.2071,https://www.youtube.com/watch?v=Xdv_BpLKuTU,545.5000,CuriosaMente
3.2081,https://www.youtube.com/watch?v=fp35Zhbv83M,429.3600,CuriosaMente
3.2122,https://www.youtube.com/watch?v=kWFr47Y4_Rg,370.8170,CuriosaMente
3.2484,https://www.youtube.com/watch?v=Wcy2AUgAibk,663.9600,CuriosaMente
3.3023,https://www.youtube.com/watch?v=Bifsgn1G0XM,419.7500,CuriosaMente
3.3259,https://www.youtube.com/watch?v=3KYCmLvoSS4,444.4500,CuriosaMente
3.3342,https://www.youtube.com/watch?v=AhdGR1LlGeQ,481.1100,CuriosaMente
3.3736,https://www.youtube.com/watch?v=G-5fPr6xCHY,420.3330,CuriosaMente
3.3775,https://www.youtube.com/watch?v=86ZNmoAdlNg,372.1200,CuriosaMente
3.4335,https://www.youtube.com/watch?v=HpLQU7zQz18,243.1800,CuriosaMente
3.4383,https://www.youtube.com/watch?v=8zlydJmQHak,315.3900,CuriosaMente
3.4541,https://www.youtube.com/watch?v=yWGuIEQauRA,485.6200,CuriosaMente
3.4860,https://www.youtube.com/watch?v=HQWkAr2V6W8,538.8910,CuriosaMente
3.6426,https://www.youtube.com/watch?v=4cCnZhYYzf0,324.6000,CuriosaMente
